"NumInvoices","NumCancellations","TotalCost","NumStocks","Days","DiffInvoices"
1,1,0,1,325.1,0
7,0,4310,103,1.9,7
4,0,1797.24,22,75,4
1,0,1757.55,73,18.1,1
1,0,334.4,17,309.9,1
8,3,1545.41,59,35.9,5
1,0,89,4,203.8,1
1,0,1079.4,58,232,1
1,0,459.4,13,214,1
3,0,2811.43,53,22.2,3
1,0,6207.67,131,32.9,1
2,0,1168.06,13,1.1,2
4,2,6245.53,214,7.1,2
3,0,2662.06,105,51.9,3
1,0,189.9,10,287,1
10,3,5154.58,201,2.9,7
2,0,552,23,109.1,2
4,0,1313.1,70,7.1,4
2,1,320.69,22,290.9,1
1,0,168.9,11,3.8,1
4,0,3545.69,143,51,4
2,0,1887.96,63,44.1,2
3,0,1298.04,34,71.1,3
1,0,364.6,14,311,1
1,0,742.93,33,24.9,1
2,1,455.42,14,2.1,1
2,0,1628.12,72,314.9,2
1,0,4008.62,219,129.1,1
2,1,850.29,39,81.2,1
4,1,2720.56,77,21.1,3
5,1,1803.96,70,4,4
5,1,1839.31,84,184.2,4
2,1,566.16,26,28.2,1
2,0,401.9,10,337,2
6,0,2780.66,57,15,6
1,0,549.84,32,79.2,1
1,0,460.89,92,21,1
4,0,1582.6,47,71.9,4
2,0,1272.48,26,63.2,2
12,3,2998.28,91,15,9
2,0,2409.9,110,35.1,2
1,0,1635.66,85,45.1,1
4,0,1108.65,47,119,4
1,0,84.3,5,303,1
1,0,225.6,11,323,1
1,1,409.7,5,49.1,0
1,0,1710.39,54,148.2,1
2,1,3280.75,92,21.7,1
5,0,1708.12,57,49.2,5
5,4,2842.57,81,32,1
3,4,11056.93,91,78.1,-1
2,1,681.08,26,300.9,1
3,0,1226.88,43,74.1,3
3,2,694.15,29,66.2,1
3,0,562.41,16,217,3
21,5,123725.45,444,23.9,16
9,3,3578.8,158,2.9,6
1,0,668.58,34,112.1,1
1,0,600.39,29,63.2,1
4,1,806.27,32,15.2,3
3,0,803.56,39,95.2,3
8,1,1849.11,97,0.1,7
2,0,1760.96,30,162.1,2
1,0,777.2,36,77.8,1
1,0,582.73,30,194.1,1
3,2,708.37,26,11.1,1
9,3,7877.2,258,25.2,6
4,0,3750.4,82,8.8,4
1,0,256.4,11,42.9,1
15,3,6416.39,163,35,12
5,0,5059.32,107,42.1,5
7,0,13375.87,219,0.1,7
2,2,765.19,46,84,0
2,0,7829.89,31,79.2,2
1,0,509.01,16,99.1,1
18,1,4896.66,119,1.1,17
2,0,2906.85,84,14,2
1,0,173.55,11,366.1,1
1,0,172.06,12,2.9,1
5,0,5005.46,138,21,5
1,0,133.4,4,21.8,1
1,0,1002.31,58,57,1
1,0,476.49,26,243,1
1,0,449.45,22,44,1
4,0,4067.29,118,22,4
2,0,197.88,7,156,2
5,1,8933.52,265,10.2,4
2,1,428.57,21,16.1,1
1,0,707.09,43,134,1
1,1,0,15,52.9,0
6,0,2466.86,85,72.9,6
3,1,3153.89,105,44,2
7,5,1917.78,53,58,2
2,0,947.4,35,70.9,2
2,0,826.88,35,93.9,2
2,2,1124.01,51,2,0
4,3,1303.63,65,46,1
8,0,1212.05,6,10,8
2,1,733.89,46,7.1,1
2,1,724.04,36,143,1
30,19,18740.92,150,1.9,11
7,6,6229.48,219,30.1,1
5,4,2848.23,140,29,1
18,12,7116.47,253,16.9,6
1,0,723.38,36,53.2,1
11,9,6546.58,177,0.9,2
6,3,13117.01,191,22.1,3
1,0,680.99,36,3.1,1
1,2,477.3,31,3.1,-1
4,0,3281.63,129,27.9,4
10,1,5590.86,150,22.2,9
8,5,2327.13,46,16.8,3
6,2,4495.27,256,32.1,4
3,0,1298.66,46,9.2,3
1,0,334.93,15,336,1
10,0,5417.93,131,4.9,10
1,0,460.4,25,38,1
2,0,263.21,19,62.9,2
2,1,416.79,20,165.1,1
7,6,1139.35,63,9.1,1
1,0,1043.1,14,81.1,1
3,0,403.7,21,21,3
11,2,4206.27,34,22.9,9
1,1,2089.68,149,315,0
5,0,3723.87,102,95.1,5
0,1,-1126,0,337,-1
2,2,114,6,17.9,0
0,1,-4.5,0,301,-1
1,0,73.5,23,232.2,1
3,1,1258.06,19,133.9,2
2,0,398.27,57,25.9,2
1,0,176.5,7,283.9,1
2,0,982.57,29,142.1,2
2,0,138.03,31,66,2
1,1,586.79,35,84,0
1,0,1017.68,51,266.8,1
1,0,383.7,16,352.9,1
2,0,1312.06,20,77.2,2
5,1,2464.89,232,27.9,4
5,0,2056.89,84,0.1,5
1,0,340.84,17,63.2,1
5,1,2582.51,121,78.9,4
1,0,599.68,38,142.1,1
2,0,192.72,11,38.9,2
11,2,1745.57,84,1,9
8,0,4485.72,113,8.9,8
3,0,1316.66,64,0,3
3,0,348.71,18,81.1,3
6,2,1922.28,50,8.9,4
4,1,1623.63,51,59.1,3
1,0,125.22,17,14.1,1
1,0,349.83,16,30,1
1,0,1089.18,63,130.1,1
2,0,716.35,28,91.2,2
3,2,4106.82,260,7,1
1,0,363.95,21,28.8,1
4,1,3852.5,157,22,3
17,2,13309.04,277,19.1,15
3,0,981.18,46,29.1,3
1,1,355.7,19,29.1,0
2,0,1000.39,42,75,2
2,1,1141.5,59,46.1,1
2,0,207.8,7,197,2
1,0,95.2,5,165.9,1
1,0,964.83,57,79,1
1,0,168,10,357.1,1
2,0,437.82,20,38.1,2
10,4,3652.25,95,7.8,6
2,0,603.71,100,50,2
5,0,11990.96,15,15.8,5
1,1,0,11,1.1,0
2,1,536.21,21,310.1,1
3,1,2101.39,91,5,2
1,0,238.85,16,302,1
7,0,3781.74,99,7.8,7
1,0,456.9,21,260.9,1
1,1,131.17,9,281,0
1,1,346.7,19,72.2,0
10,1,9114.94,323,22.1,9
32,3,4064.99,92,1.9,29
2,0,519.61,31,39.1,2
2,1,1004.72,53,8.1,1
1,0,160.54,26,226.9,1
1,0,218.45,11,315.1,1
5,1,1306.98,72,35.1,4
3,1,595.4,137,35,2
2,2,2753.36,111,21,0
1,2,410.72,29,73,-1
1,0,415.7,24,246.1,1
1,0,197.71,15,39.2,1
2,0,511.36,21,238.2,2
15,3,7187.34,115,2.2,12
9,9,1893.95,44,3.1,0
2,2,1982.81,77,234,0
1,1,179.94,11,16.9,0
1,0,144,4,7,1
1,0,214.9,10,38.9,1
2,0,646.68,29,28.1,2
2,1,9861.38,68,190,1
1,0,452.85,26,316.9,1
2,0,437.6,11,91.9,2
3,0,418.1,14,108,3
10,1,3320.22,50,37,9
2,0,618.27,25,51,2
4,1,3683.13,184,19,3
8,1,3002.68,84,9,7
7,0,1032.58,32,29,7
10,1,2581.04,32,28.1,9
5,1,569.56,21,189.1,4
1,0,153.12,12,58.1,1
1,0,739.2,3,21.1,1
2,0,254.18,15,79,2
0,1,-7.5,0,364.9,-1
1,1,0,101,57.9,0
3,0,1126.85,57,77.9,3
5,2,2057.99,85,22.1,3
1,0,1193.32,65,52,1
1,1,643.59,19,57.1,0
5,1,3218.98,124,31,4
1,0,315.6,20,277.1,1
4,0,2291.19,82,1.9,4
2,3,657.25,25,84.9,-1
1,0,355.53,39,28.9,1
1,0,177.31,11,21.1,1
9,4,3214.81,50,15.9,5
3,0,1339.41,89,14.1,3
20,3,13612.07,261,1.1,17
1,0,180.1,11,231.9,1
1,0,305.1,18,276,1
2,0,641.13,36,105.9,2
2,1,2614.32,73,211.2,1
9,4,6388.35,232,22.9,5
7,0,4478.53,162,10,7
3,1,769.61,34,4,2
2,0,1270.88,60,9.1,2
1,0,640.5,31,57,1
4,1,2140.63,73,58.1,3
2,0,1689.18,96,89.1,2
8,2,5953.25,205,67,6
1,0,671.69,39,33,1
1,0,486.1,22,238,1
3,0,1174.58,47,23,3
1,0,185.9,10,115,1
3,0,1013.26,39,24.9,3
6,0,3344.64,11,128,6
1,0,477.91,31,129.1,1
4,1,1755.38,58,33,3
2,0,1346.97,43,4.1,2
12,1,3669.92,79,22,11
1,0,318.05,21,154.1,1
3,1,603.71,28,107,2
1,0,314.44,20,2.8,1
1,0,114,9,334,1
1,1,914.53,48,321.8,0
2,0,2209.85,37,148.1,2
5,0,601.98,31,10.1,5
5,3,3982.72,89,17,2
4,1,1152.06,35,10.9,3
1,0,686.05,36,18.1,1
1,0,91.68,5,29,1
1,0,245.1,13,11,1
11,1,3817.08,129,0,10
9,1,4863.88,10,7.8,8
1,1,61.75,3,324.2,0
0,1,-227.44,0,358.9,-1
1,0,620.13,33,57.9,1
4,2,3743.18,115,6.9,2
3,1,1607.73,98,150.2,2
5,1,2986.15,58,9.9,4
1,0,225.9,10,329.1,1
2,0,610.52,42,5,2
4,3,1919.31,52,11,1
6,0,1331.39,33,24,6
12,1,17588.26,105,42,11
4,5,1058.67,43,52,-1
4,0,862.81,33,0,4
22,5,13677.59,267,14.1,17
31,0,12288.22,209,3.1,31
15,5,8221.09,177,3.8,10
7,0,2283.63,61,7.1,7
6,0,2863.08,117,28,6
1,0,89.14,7,371.1,1
1,0,4873.81,171,113.2,1
2,0,1247.61,57,25.2,2
1,0,389.01,16,205.2,1
6,0,1035.8,21,27.8,6
4,2,830.96,35,120.2,2
2,0,869.67,32,70,2
4,0,582.1,23,7,4
3,2,939.02,37,20.9,1
4,2,4867.99,193,7.1,2
2,0,797.71,50,79.1,2
1,0,219,12,19.1,1
1,1,274.7,21,63.8,0
8,2,2220.84,64,7,6
9,5,6814.24,228,15,4
1,0,603.42,33,291.2,1
10,6,2616.32,86,29.1,4
15,11,9294.1,93,2.8,4
3,1,1130.57,75,96.1,2
13,4,4241.63,58,22.1,9
1,0,848.55,38,0,1
5,0,4708.86,216,8.9,5
1,0,353.86,20,105.9,1
2,0,1053.49,60,3.2,2
2,1,980.98,49,151,1
1,0,238.25,19,70.9,1
2,1,608.1,34,5,1
25,4,5713.28,211,2.2,21
6,1,2628.98,133,31,5
4,2,904.33,50,85,2
5,0,725.07,53,3.1,5
4,0,1031.41,47,4.9,4
1,0,427.8,24,370.9,1
7,0,2609.1,57,28,7
7,2,3947.7,109,10,5
4,0,836.33,38,70.9,4
1,0,453.01,26,113.1,1
12,2,18793.41,109,23,10
1,0,236.26,12,179.1,1
1,0,383.95,22,233.9,1
1,0,110.4,4,352,1
2,0,779.57,38,315,2
1,0,234,4,332.2,1
1,0,155.35,11,371.8,1
2,0,1013.04,38,78,2
1,0,427.6,27,63.1,1
2,0,546.43,114,133.9,2
7,3,9120.39,178,51.1,4
11,0,4196.01,42,1.9,11
210,14,29072.1,1768,0,196
5,3,3868.2,160,3.1,2
1,0,275.88,15,128.2,1
1,0,4366.78,53,81,1
6,5,21024.01,132,3,1
3,2,2949.12,49,235.2,1
2,2,2203.2,4,249.2,0
1,0,112.08,4,86.2,1
13,6,4227.7,237,15,7
2,0,2791.59,84,116.1,2
3,0,1531.44,81,52,3
2,0,1898.52,62,7.1,2
2,0,494.08,16,138,2
1,0,1693.88,45,316.1,1
7,0,6989.63,205,3.2,7
1,0,1143.6,32,238.1,1
1,0,1351.45,12,210.2,1
1,0,892.47,55,59.2,1
5,1,1351.24,47,16.8,4
6,1,804.23,40,19,5
8,4,3868.7,88,20.8,4
2,3,707.72,25,20.9,-1
5,1,2273.32,81,4.1,4
6,2,1603.87,76,1.9,4
2,0,574.42,54,8.9,2
1,1,305.71,14,2,0
3,0,463.66,17,9.2,3
1,0,91.85,4,65,1
1,0,324.92,21,192,1
1,0,192.6,2,373.1,1
1,0,400.54,25,256.1,1
2,0,545.48,21,334,2
2,0,860.41,43,53,2
1,0,430.48,14,18.1,1
1,2,194.18,13,359.9,-1
3,0,6977.04,6,9.9,3
1,1,412.58,25,183.2,0
3,0,483.65,27,36.1,3
1,1,484.36,25,167.9,0
3,0,514.85,27,260.1,3
1,0,229.64,15,44.2,1
1,0,125.92,2,101.1,1
2,0,1063.46,38,147.1,2
2,0,572.2,27,95,2
1,0,166.04,4,280.8,1
1,1,1517.88,14,178,0
4,0,942.34,55,2.9,4
1,0,92.72,6,213.9,1
2,1,918.98,41,70.2,1
5,0,1759.5,1,74.3,5
1,0,397.12,25,59,1
7,1,1468.12,58,2.1,6
3,0,430.15,19,5,3
6,0,1018.71,46,2.2,6
2,1,253.05,9,322,1
6,1,6748.4,13,37,5
1,0,215.05,9,262,1
2,0,383.03,27,32,2
1,0,417.38,24,145,1
1,0,312.38,18,282.1,1
4,0,2612.86,148,58.9,4
1,0,134.1,12,172.9,1
2,0,683.13,115,33,2
14,2,5583.62,95,2,12
4,2,2714.27,67,143.2,2
25,1,3876.4,229,4.1,24
2,0,1118.99,34,69.9,2
8,1,1680.76,69,65.1,7
2,0,325.96,47,29,2
4,0,354.09,26,267,4
1,0,871.54,72,22,1
2,0,1050.89,47,31,2
1,0,135.18,43,96,1
1,1,299.75,17,289.9,0
6,3,1881.7,66,107.1,3
3,2,1289.15,95,78.1,1
1,0,38.1,3,372.1,1
6,2,2162.68,155,7.1,4
2,0,1106.4,37,210.1,2
1,1,504.2,5,52,0
1,0,147.12,3,138,1
2,1,1548.07,86,25.9,1
1,0,559.12,26,282.9,1
7,3,3986.22,240,25.9,4
6,0,1607.06,72,185.1,6
0,1,-14.9,0,365.9,-1
2,0,380.64,8,83.9,2
2,0,599.97,58,326.1,2
1,0,374,4,281.9,1
2,0,343.23,1,142.9,2
2,0,2218.02,67,57.1,2
12,0,1535.77,100,3.1,12
2,1,841.64,38,17.9,1
3,1,552.57,7,44.1,2
1,0,298,7,275,1
2,0,1463.04,12,8.9,2
4,0,703.47,39,24.1,4
1,0,309.05,7,88,1
3,1,1158.27,66,63,2
2,1,1351.09,75,67.2,1
2,2,313.77,4,213.9,0
1,0,380.47,78,23.8,1
3,0,331,2,185.1,3
1,0,188.14,27,30,1
2,1,347.3,22,42,1
2,0,216.5,3,204.1,2
28,8,16293.1,30,8.1,20
1,0,138.68,10,264,1
2,0,509.58,59,17.9,2
5,0,2919.81,55,11.1,5
2,2,246,1,58.2,0
5,3,2128.83,78,39,2
8,0,3075.04,48,22.9,8
5,0,1662.3,17,2.2,5
5,0,2483.63,37,4,5
2,0,363.65,19,148.1,2
4,1,2982.35,53,138.1,3
1,0,594,2,127.9,1
6,2,1301.44,34,8,4
1,0,164.23,27,16.9,1
37,13,16389.74,233,3.1,24
1,0,405.38,28,160.9,1
1,0,176.97,28,63.9,1
4,1,929.95,22,88,3
2,0,694.05,42,4.1,2
5,0,2062.7,59,34.9,5
1,1,105.1,8,122,0
2,2,409.9,20,77.9,0
15,5,33462.81,28,21,10
3,1,606.28,102,23.8,2
7,1,2156.45,80,1.8,6
4,1,1012.9,56,16.8,3
4,0,1504.27,81,14.9,4
1,0,114.14,9,25.1,1
8,0,11581.8,21,64,8
2,2,876.29,87,46,0
3,0,683.9,68,131,3
0,1,-3.75,0,300.9,-1
2,0,604.51,29,35.1,2
1,0,462.95,23,287.9,1
6,5,1407.29,83,143.2,1
7,1,2053.7,82,15.8,6
8,2,4143.02,166,30.1,6
3,0,1843,13,2,3
6,2,1042.07,53,8,4
4,1,1382.84,64,5.1,3
1,0,329.85,17,9.1,1
11,3,4734.26,81,0.8,8
1,0,108.07,19,305.9,1
8,4,3979.04,208,3.8,4
2,0,266.39,15,6.9,2
8,1,1841.03,75,8,7
1,0,771.91,108,88.9,1
1,0,160.18,10,9,1
2,2,1194.75,19,2.9,0
1,0,135.95,5,111.9,1
4,0,452.24,116,6.9,4
86,3,10930.26,94,3,83
1,0,144.8,8,197.2,1
1,0,738.6,22,211.2,1
1,0,39.24,9,155.9,1
9,3,7092.06,6,155.1,6
2,0,372.22,12,29,2
1,1,377.2,28,239.1,0
1,0,97.5,4,18,1
2,1,1215.62,73,0.1,1
2,1,545,27,73.1,1
1,0,535.32,75,291.9,1
15,4,6854.51,41,2.9,11
3,0,409.5,8,31,3
2,0,503.76,31,22.9,2
4,0,414.76,26,22.9,4
3,2,902.22,52,3.9,1
1,1,200.72,3,77.2,0
4,3,1197.94,45,21.9,1
3,0,455.88,25,196,3
3,0,534.85,30,106.1,3
13,2,9797.92,166,3.9,11
1,0,120.95,7,317.9,1
3,0,149.05,4,105.1,3
18,4,5613.43,277,11.1,14
2,1,468.95,21,173.1,1
1,0,81.57,4,56,1
1,1,178.47,14,322.9,0
1,0,50.55,3,371.8,1
8,3,1311.62,67,9,5
13,2,4786.99,155,0.9,11
10,6,3365.43,67,2.1,4
5,0,3346.28,156,53,5
3,0,789.89,39,73,3
1,0,204,1,6.9,1
28,1,7272.75,313,16,27
9,3,2584.4,101,3.8,6
2,0,689.9,36,63.9,2
5,3,936.15,32,0.8,2
6,0,6912,6,113.2,6
2,1,659.68,40,22.1,1
3,0,1247.5,8,30.2,3
2,0,799.48,76,10.9,2
2,1,996.52,55,38.1,1
1,0,190.55,11,356.9,1
2,0,642.77,37,54.1,2
2,1,886.63,23,57.1,1
3,0,881.07,44,137.9,3
3,0,908.46,24,80,3
2,0,676.99,38,8.1,2
1,1,471.57,13,253.1,0
1,0,560.47,33,290.9,1
1,0,305.28,18,98.9,1
2,0,629.31,33,30.2,2
10,8,3079.1,106,31,2
4,1,1805.91,77,14,3
2,0,656.68,14,63.9,2
17,11,5684.61,246,8.8,6
1,0,348.15,18,212,1
3,1,1201.96,74,63.8,2
3,0,271.4,5,24,3
1,0,183.4,8,249.1,1
1,0,307.53,15,253.1,1
1,0,248.61,10,71.9,1
1,0,346.98,11,190.9,1
4,0,1119.49,51,12,4
1,0,205.86,14,372.8,1
2,1,430.9,48,24,1
1,0,115.46,14,82,1
2,0,344,1,9.9,2
24,3,3717.82,281,0.2,21
1,0,228.8,9,192,1
1,0,177.15,7,266.2,1
1,0,919.61,22,129.1,1
4,0,729.27,99,0.7,4
26,17,12432.28,95,0.8,9
5,0,220.1,2,3.8,5
1,0,58.08,6,179,1
11,10,27964.48,503,1,1
9,1,3595.48,63,125.9,8
2,0,303.75,15,3.9,2
2,1,272.38,17,157.1,1
97,21,57385.88,636,2.2,76
14,4,8689.39,98,8,10
1,1,319.82,21,20.8,0
5,1,459.83,19,70.1,4
8,5,7741.47,97,266.8,3
12,4,1708.86,4,20.9,8
1,0,74.4,6,70.1,1
10,4,5893.32,214,32.1,6
28,13,28658.88,156,0.9,15
1,0,207.36,1,98.8,1
1,0,101.19,8,234,1
24,3,6336.29,140,1,21
1,0,243.94,8,39.1,1
6,0,1098.48,14,3,6
1,1,59.5,1,128.1,0
4,1,1524.07,54,44,3
1,0,350.06,10,372.1,1
2,3,766.84,41,2,-1
7,1,1452.87,109,30.9,6
24,16,10510,95,0,8
4,10,2205.63,88,8.1,-6
1,1,485.19,30,117,0
8,0,984.91,66,21,8
5,2,1125,68,19,3
1,0,30.6,1,238.1,1
1,1,254.73,50,268.8,0
2,0,922.39,54,93.9,2
3,0,3866.33,185,89,3
8,2,2056.29,124,4.1,6
1,0,259.17,15,77.1,1
1,0,64,2,93.9,1
3,1,1039.3,30,23,2
1,0,77.3,3,261,1
2,0,109.8,7,273.1,2
4,3,1740.63,94,72.2,1
1,0,3096,1,196.1,1
5,6,2545.38,94,49.8,-1
8,1,3605.08,345,10,7
6,0,962.39,31,21.8,6
7,1,5055.79,132,16,6
3,0,423.72,40,107.9,3
5,1,2385.8,113,84.2,4
1,0,307.09,23,18.9,1
1,0,110.95,3,332.1,1
4,1,614.77,5,39,3
1,0,228.91,16,25.9,1
4,0,712.8,1,10,4
12,5,3348.48,231,28.9,7
4,0,1676.06,76,14,4
1,1,1250.37,73,203,0
1,0,486.22,15,5,1
0,1,-611.86,0,143.9,-1
4,0,971.76,67,32.9,4
4,1,1721.57,69,49,3
4,0,1201.06,59,94.1,4
4,1,1379.75,114,8.1,3
1,0,91.8,4,22,1
1,0,112.75,8,312.9,1
4,1,1644.99,74,121.9,3
2,0,1021.48,40,45.9,2
1,1,414.7,39,281.9,0
4,0,791.33,51,18,4
4,1,1310.14,102,36,3
2,0,712.88,11,63.1,2
1,0,116.01,29,26,1
3,2,426.81,37,7.9,1
2,0,353.65,41,3.9,2
3,0,2817.03,228,15.9,3
1,0,492.84,66,45.9,1
1,0,282.45,17,64.2,1
11,0,5725.47,95,25.9,11
1,0,121.18,11,45,1
9,0,3957.78,51,7.1,9
10,2,1648.79,138,14,8
1,0,71.4,1,267,1
3,2,1539.69,69,39,1
1,0,236.02,37,336.7,1
1,0,114.6,2,10.9,1
2,0,260.68,29,18.1,2
2,0,911.94,57,95,2
1,0,117.88,22,61,1
1,0,60.7,3,135.2,1
4,0,1797.78,97,11,4
6,2,3384.09,199,9.9,4
38,1,9803.96,48,3,37
4,0,870.09,42,18.9,4
4,0,869.46,56,9.1,4
2,0,250.26,7,14.9,2
6,1,1205.9,124,58.2,5
8,3,5820.16,255,30,5
1,0,353.48,22,93.2,1
3,0,1197.42,45,9.9,3
3,1,780.58,128,8.9,2
5,1,1518.43,82,56.1,4
1,0,333.74,5,267,1
3,2,133.62,3,121.9,1
1,0,62.64,5,126.9,1
4,0,819.29,18,78,4
2,0,847.41,62,239.9,2
2,0,163.2,5,200,2
2,1,2150.85,101,60,1
7,1,6083.04,23,3,6
1,0,108.21,16,272.9,1
1,0,257.7,9,201.1,1
1,0,358,2,81,1
1,0,160.95,10,225.1,1
14,1,2763.41,393,3.9,13
7,0,1357.6,147,12.1,7
2,0,605.12,43,74,2
1,1,101.17,53,211.2,0
2,1,727.27,34,24,1
4,1,680.83,20,10.9,3
1,0,329.56,22,261.1,1
4,0,663.65,59,96,4
3,0,270.4,12,112,3
1,0,600.07,56,203,1
1,0,121.74,27,92.1,1
1,0,430.5,16,50.1,1
6,1,1922.1,110,17.8,5
4,0,501.12,18,17.1,4
2,0,465.68,25,124,2
3,0,711.41,21,92,3
2,0,1030.4,35,156.2,2
2,1,390.66,13,3.1,1
1,0,0,1,13.9,1
3,0,698.58,28,11.1,3
1,0,292.32,77,61.1,1
1,0,557.62,8,61,1
2,0,944.1,8,268,2
1,0,200.29,11,262.9,1
35,0,7454.07,450,1,35
5,0,2107.66,66,52.9,5
12,7,3717.67,82,10.9,5
19,8,4404.44,88,2.1,11
11,4,3167.64,257,17,7
15,2,5315.92,177,0.9,13
1,0,590,1,365.9,1
1,1,178.26,79,36.9,0
2,0,276.56,15,31,2
1,0,138.98,16,113,1
2,0,590.93,30,63,2
4,0,258.4,5,15.1,4
1,0,542.73,46,40,1
1,1,126.3,9,63.8,0
3,0,814.86,67,122,3
3,3,1047.84,29,17.9,0
2,0,93.66,7,59.2,2
1,1,196.15,13,322.1,0
4,0,2709.12,157,23,4
1,0,361.11,41,155.1,1
2,0,578.94,29,38.1,2
2,0,873.74,48,189.2,2
1,1,197.95,10,359.1,0
1,0,87.4,5,137,1
4,0,2089.85,52,7.1,4
1,0,360,2,1,1
1,0,142.5,5,268,1
1,1,365.29,20,164.1,0
4,0,618.09,75,103.1,4
1,0,63.75,1,154.8,1
1,0,300.42,21,350.9,1
10,0,2000.86,50,3.9,10
1,0,15,1,119.9,1
3,1,1367.61,49,22.1,2
5,0,1456.79,82,6.8,5
3,3,1083.63,65,8.2,0
2,0,598.57,25,4,2
5,0,1555.32,47,21.8,5
3,1,578.66,55,1,2
4,1,5815.49,66,37,3
6,3,2140.07,100,63.8,3
3,0,640.76,14,0.7,3
26,10,10664.34,209,5,16
4,2,1491.7,77,70,2
2,0,567.36,10,71.9,2
1,0,199.48,25,16.9,1
5,0,787.85,6,2.8,5
10,2,7072.8,25,31.9,8
1,0,675.3,12,81.1,1
8,1,3617.57,74,38.1,7
1,0,1308.48,17,315.9,1
2,2,740.4,16,31.1,0
3,0,1140.93,37,92.1,3
1,0,350.9,21,14,1
3,0,3536.82,207,81.9,3
1,0,795.12,51,77,1
1,2,431.82,19,154,-1
1,0,860.12,54,200.2,1
7,0,10736.48,128,45,7
1,0,775.85,42,260.1,1
1,1,303.93,19,172.1,0
3,0,2543.72,115,67.2,3
1,1,377.6,20,276.2,0
1,0,341.36,8,70,1
1,0,233.76,14,63.8,1
1,0,247.32,16,10.2,1
2,1,910.72,36,15.8,1
1,0,373.94,16,66,1
1,1,389.28,24,7,0
1,0,743.53,51,71,1
1,0,674.7,32,122,1
1,0,768.24,42,80,1
1,0,609.95,85,257,1
1,0,439.03,29,268,1
1,1,431.26,23,58.9,0
4,1,3085.49,128,3,3
2,0,992.5,47,17,2
1,1,0,10,66.2,0
2,1,2191.22,122,8.2,1
1,0,56.16,1,50,1
2,0,623.4,29,256.2,2
1,1,263.75,14,353.9,0
1,1,721.32,39,365.9,0
1,0,378.64,23,89,1
3,0,3312.25,135,60.1,3
1,1,772.9,37,80.9,0
3,0,1019.76,45,98.9,3
3,0,572.56,85,26,3
6,1,3626.81,77,20.8,5
1,0,222.99,15,280.1,1
7,2,4122.28,123,30.1,5
1,0,534.57,35,329.1,1
2,1,627.15,35,121,1
3,0,797.96,50,11,3
1,0,544.08,13,74.2,1
1,0,59.8,1,203.1,1
8,2,2312.8,124,1.1,6
1,0,307.72,21,184.9,1
2,2,1325.29,42,21.1,0
5,1,1539.18,28,72.1,4
1,0,457.34,26,192,1
2,0,621.23,32,126.9,2
1,0,75,3,17.2,1
2,0,252.49,11,0.9,2
3,0,572.451,25,73.9,3
62,19,27487.41,234,1.2,43
5,2,988.91,15,8.2,3
1,0,213.55,17,107,1
3,0,1390.5,23,133.1,3
2,0,712.5,11,43.2,2
2,0,640.83,26,4.2,2
18,5,5845.44,223,11.1,13
1,0,221.06,16,63,1
2,2,140.35,8,134.1,0
2,1,1848.98,88,39.9,1
1,1,2601.55,127,51,0
3,0,1624.21,66,107.9,3
10,2,3550.7,103,0.2,8
3,0,582.6,25,19,3
1,0,218.47,70,9.9,1
4,0,1006.8,55,10.2,4
2,2,648.69,48,18.2,0
2,0,1269.1,44,67,2
2,0,534.24,9,74,2
7,2,3794.49,68,4.9,5
1,0,196.89,12,1.1,1
7,0,3408.06,143,14,7
1,0,283.71,54,255,1
1,0,296.64,13,91.2,1
3,1,1104.23,55,23,2
6,4,3465.67,137,16,2
1,0,291.88,19,23.2,1
6,0,2043.72,32,26,6
5,1,2916.45,315,25.9,4
2,0,590,1,258.9,2
2,0,356.98,16,165.2,2
2,2,1007.35,42,24.1,0
6,1,1737.82,43,17.1,5
14,8,9537.92,242,6.9,6
2,0,183.44,16,28.8,2
3,0,1445,14,38.2,3
1,1,143.25,9,182.7,0
1,0,674.68,41,58,1
1,1,297.95,17,99.9,0
2,0,1083.71,89,10.1,2
37,4,5656.75,184,1.1,33
2,0,165,7,99,2
4,0,2531.58,214,0.9,4
2,1,417.54,21,60.1,1
1,0,229.59,59,236,1
4,0,1431.78,64,191,4
2,2,1092.77,56,178.1,0
6,2,1441.53,57,37,4
2,1,291,14,197.9,1
5,3,1776.81,98,45.2,2
1,0,184.64,11,231.9,1
1,0,140.34,10,65.1,1
1,0,313.8,8,240.9,1
1,0,454.24,23,233,1
3,0,1122.41,69,78,3
3,0,575.4,26,57.1,3
13,4,8910.61,271,16.9,9
4,0,449.52,11,105,4
10,0,1215.82,73,51.2,10
3,0,1269.84,38,136,3
2,0,618.63,6,274.9,2
1,0,316.26,18,311,1
5,1,1990.12,34,7.1,4
2,1,617.93,28,10.1,1
2,1,321.05,19,282.2,1
5,2,1146.96,31,17.1,3
3,1,1136.77,60,22.9,2
1,1,1310.47,52,242.2,0
3,0,292,17,16.1,3
1,0,216.85,17,71,1
1,0,295.93,22,64,1
4,4,4282.88,182,67.1,0
2,1,452.82,26,311.9,1
4,0,2479.16,146,3,4
1,0,110.97,12,243.1,1
7,0,979.72,27,8.1,7
4,1,1785.16,86,1,3
1,0,251.21,15,260.1,1
1,0,205.1,10,126.1,1
1,0,152.2,4,73.2,1
4,0,891.12,50,72.1,4
3,0,1389.41,43,21,3
3,2,2109.07,125,59.1,1
1,0,659.44,36,85.1,1
1,1,110.8,8,49.9,0
6,2,3487.75,49,58.1,4
3,0,1093.65,313,1,3
1,0,125.8,5,29.9,1
5,1,3755.38,157,32.9,4
5,0,680.18,17,40,5
2,0,628.78,5,14,2
7,1,2263.76,153,33,6
2,0,307.76,15,78.2,2
2,0,483.8,17,204.9,2
1,0,210.31,66,33,1
3,0,270.79,61,182.1,3
25,18,5613.08,119,1.9,7
7,0,3448.29,91,0.8,7
7,0,1280.85,10,42.9,7
3,1,605.84,35,85.1,2
2,0,291.41,76,39,2
3,0,626.99,72,11.9,3
2,0,682.41,114,96,2
7,1,916.12,37,25.1,6
1,0,91.8,4,318.9,1
12,4,3539.53,82,65.9,8
4,0,4149.28,128,73.1,4
2,0,584.06,31,27.9,2
4,0,605.06,123,5.1,4
1,0,174.37,32,7,1
1,0,141.86,14,215,1
3,0,1799.33,50,81.1,3
2,0,777.53,49,84,2
3,2,647.74,68,144,1
2,0,240.22,35,18.9,2
2,0,874.71,134,40,2
1,0,192.85,41,173,1
2,0,373.75,73,17,2
1,0,239.49,27,243,1
12,0,2092.32,157,12.1,12
1,0,1384.25,32,205.1,1
2,0,294.4,24,50,2
5,0,732.07,41,23,5
18,2,6703.3,78,9.9,16
4,1,1658.3,61,24.9,3
2,0,467.04,19,14.2,2
1,0,118,10,308.9,1
1,0,781.03,53,155.1,1
1,0,142.4,24,306,1
1,2,347,8,31.1,-1
9,4,2445.12,131,15.1,5
2,0,379.65,21,14,2
6,1,1976.12,70,11,5
3,0,1117.13,56,64.1,3
4,0,247.96,15,35.1,4
5,1,1990.28,77,108,4
1,0,396.97,26,52.1,1
2,0,697.04,133,5,2
1,1,167.42,33,47,0
21,12,5030.6,171,0.7,9
1,0,219.52,19,311.9,1
2,0,693.32,90,44.8,2
1,0,428.89,23,64.1,1
1,0,164.34,27,25.9,1
3,0,280.54,40,28.8,3
1,0,678.01,93,39.9,1
7,2,1115.43,165,11.9,5
3,1,1158.2,67,89,2
4,0,1610.46,171,23.9,4
1,1,399.99,23,312.1,0
3,0,544.18,31,40,3
1,0,177.34,13,173.1,1
1,0,213.85,19,116.2,1
5,2,672.44,75,30,3
1,0,257.23,19,252.2,1
5,2,1624.02,84,59,3
11,0,7792.36,28,23,11
7,4,1995.68,51,4.9,3
11,1,3021.77,6,99.2,10
5,1,2117.02,121,24.1,4
5,0,1575.16,156,33,5
1,0,1071.03,62,67.1,1
5,1,941.62,57,36.1,4
3,0,810.5,79,52,3
1,0,122.64,8,15.1,1
1,0,1033.34,39,74,1
1,0,354.8,57,215.1,1
3,0,519.44,24,30.9,3
4,1,2597.52,144,8.2,3
1,0,252.1,5,119.9,1
4,1,1670.22,65,9,3
2,0,346.6,23,256.1,2
6,1,1809.34,79,16,5
2,0,94.2,6,34.9,2
3,0,1095.08,48,45.2,3
6,0,2707.33,157,42.9,6
2,0,932.97,52,114,2
2,0,379.65,49,164.1,2
2,0,382.14,16,10,2
5,2,2421.47,91,9.1,3
2,1,1550.85,92,196.7,1
3,4,879.08,50,85.1,-1
1,0,189.47,13,178.9,1
3,0,84.65,12,59.9,3
1,0,305.02,82,148.9,1
21,8,6216.07,284,2,13
2,0,218.55,9,50.2,2
1,0,349.7,25,74.9,1
2,4,-71.46,4,301,-2
2,0,396.92,47,18,2
2,0,486.82,25,151,2
1,0,232.6,16,151.2,1
4,1,2202.31,164,1,3
4,0,827.83,37,17.1,4
1,0,59.5,3,187,1
1,1,64.23,29,285.1,0
7,0,3119.44,29,2,7
1,0,72,8,182.2,1
1,0,910,6,63,1
1,0,172.25,9,58.9,1
3,2,1466.87,48,24.1,1
0,2,-32,0,324.9,-2
50,10,62653.1,366,3.1,40
15,0,2504.13,46,30.9,15
1,0,151.3,12,38.1,1
1,0,308.58,14,154.9,1
10,0,2265.12,139,26,10
1,0,99.5,1,318,1
9,1,2295.31,111,4.9,8
3,0,711.86,25,7,3
1,0,330.79,20,302.1,1
2,0,806.41,48,266.8,2
1,0,296.88,49,271,1
13,4,6249.11,244,3.1,9
1,0,180.48,8,31.2,1
2,0,252.06,11,218.1,2
1,0,228.84,10,246.1,1
5,3,1053.94,89,280.7,2
1,0,138.28,21,269,1
6,1,1432.26,92,31.9,5
2,0,306.55,9,246,2
5,0,1041.68,56,14.9,5
4,0,799.9,42,116,4
1,0,524.14,28,35.9,1
3,1,2369.16,75,119.9,2
1,0,199.85,6,216.9,1
8,3,1809.81,95,49.2,5
2,0,1079.66,39,38.1,2
2,0,333.48,19,28.1,2
6,0,1016.14,38,36.1,6
2,0,752.6,38,135.2,2
2,0,610.59,36,219,2
1,0,491.86,33,27.9,1
4,4,2766.18,158,24.1,0
2,1,724,166,4.9,1
1,0,339.6,29,199.9,1
1,0,216.9,3,18,1
1,0,350.75,23,240.1,1
3,1,666.33,34,71.2,2
12,2,3102.42,200,16.1,10
7,1,1340.15,8,2.1,6
2,0,1156.36,54,94.9,2
1,1,291.54,25,151,0
1,0,79.6,1,373.1,1
5,0,948.25,24,95.2,5
5,0,1647.26,20,53.1,5
1,0,296.25,9,287.9,1
6,0,1186.28,64,124,6
1,0,741.26,35,287,1
2,0,282.6,11,151.1,2
9,1,2154.68,232,3,8
14,1,5145.12,66,1.8,13
7,0,3190.55,104,11.1,7
2,0,659.41,24,32.9,2
2,0,286.79,50,53.9,2
2,0,1070.65,68,50,2
1,1,0,7,203.9,0
1,2,1689.46,15,62.9,-1
3,0,1521.76,183,70.1,3
37,15,16945.71,55,1.9,22
10,6,2771.87,73,1.9,4
4,1,2631.7,114,64,3
3,0,1132.13,141,33,3
1,0,345,22,81.1,1
33,8,25748.35,36,0,25
1,0,178.7,9,102.9,1
2,0,360.01,56,7,2
1,0,127.84,17,250.1,1
6,0,912,96,12,6
11,0,2462.79,9,9.1,11
1,0,230.4,7,367,1
2,0,309.04,24,75.1,2
1,0,348.8,45,3.9,1
2,1,1047.68,7,43,1
2,0,195.55,13,66,2
57,6,36351.42,113,0.9,51
2,0,688.86,32,116.1,2
1,0,558.32,33,309,1
1,0,324.8,23,66.1,1
3,3,3906.27,55,138,0
1,0,277.07,17,255,1
7,0,2635.79,124,30,7
2,0,924.6,10,52,2
1,0,256.38,10,63.1,1
1,0,112.6,7,366.9,1
5,0,1747.66,70,5,5
1,0,155.05,11,305,1
3,1,899.51,32,28.2,2
3,1,591.75,7,183.2,2
3,0,539,33,42,3
4,1,1353.41,54,39.1,3
2,1,1562.12,37,55.9,1
4,1,4014.91,132,21.9,3
2,2,555.04,25,23.2,0
2,0,382.98,20,28.8,2
3,0,1140.35,26,301.1,3
2,0,385.64,51,144.2,2
2,0,632,90,5,2
2,0,957.66,39,18.1,2
5,0,1698.94,34,32,5
1,1,174.65,10,157.9,0
3,0,412.05,83,57,3
1,0,209.49,15,21.9,1
0,1,-102,0,358.8,-1
6,0,2202.99,58,15.9,6
1,1,40.95,3,17,0
1,0,384.8,28,159,1
4,0,834.57,48,24.9,4
2,0,271.24,17,211.1,2
4,0,691.73,144,5.1,4
1,0,85,1,252.1,1
9,0,3385.62,155,58.1,9
1,0,361.62,20,11,1
1,0,312.98,9,64.2,1
3,1,847.61,55,24,2
3,0,1255,3,92,3
2,0,1537.95,97,51.1,2
1,1,1586.81,93,87.8,0
3,0,2651.46,77,95.1,3
1,1,1056.94,23,8.2,0
25,4,8025.02,39,8.2,21
3,2,363.4,10,168.2,1
1,0,216.17,11,56.9,1
1,0,201.16,27,325.9,1
5,1,1240,58,1,4
8,2,2187.31,97,17.9,6
1,1,299.56,20,244.9,0
4,0,501.56,26,58,4
1,0,145.67,7,74,1
3,0,1015.29,51,30.9,3
2,0,3192.54,32,6.8,2
4,0,3104.95,234,123,4
8,2,2751.25,91,2,6
13,1,6389.8,155,22.1,12
3,1,381.7,21,119.2,2
1,0,540.45,18,357.8,1
5,0,1786.79,79,53.2,5
1,0,122.7,7,63.1,1
1,0,117.24,3,85.9,1
1,0,1281.53,35,54.1,1
13,0,3219.77,125,21,13
20,2,16989.52,72,3,18
5,1,1131.28,54,2.1,4
5,4,2538.75,108,0.7,1
5,1,781.3,45,6.8,4
2,0,506.8,28,188.9,2
1,0,243.56,16,71,1
1,0,349.55,19,203.9,1
2,0,605.63,38,119.2,2
1,0,416.9,15,92.2,1
10,4,1860.86,74,0.9,6
4,0,632.97,26,26,4
1,0,821.1,21,297.1,1
3,2,535.97,25,22,1
4,1,2588.12,97,20.8,3
1,0,311.16,17,50,1
1,0,155.93,12,325.1,1
2,0,388.52,19,16,2
3,0,740.95,42,182.8,3
5,0,2867.2,144,72,5
2,0,332.64,24,37,2
4,1,2347.05,104,79.1,3
9,0,2580.91,120,56.9,9
2,1,613.95,28,3.1,1
2,0,272.04,16,49.2,2
2,0,1212.84,30,49.1,2
2,1,350.16,24,52.9,1
1,0,172.25,7,351.1,1
1,0,351.13,20,53.1,1
6,5,1682.08,90,1.1,1
4,2,616.65,28,36,2
1,0,223.85,11,23,1
1,0,348.99,21,74.1,1
4,0,464.57,23,10.1,4
2,1,802.85,8,168.9,1
2,0,337.34,15,57.2,2
2,1,1230.93,56,85.2,1
1,0,307.4,16,294,1
2,0,608.79,23,109,2
1,0,922.1,31,263.2,1
1,1,361.28,26,170.8,0
1,0,158.85,9,168.9,1
1,0,71.66,7,34.9,1
3,1,556.75,43,23,2
4,0,839.14,39,16.9,4
5,2,4912.41,24,21.1,3
3,0,561.57,11,79,3
1,0,90.6,5,65,1
1,0,102,3,360.1,1
6,0,2427.32,124,2.1,6
4,1,728.56,33,10.9,3
3,0,674.45,38,175.9,3
2,1,3246.091,120,210.8,1
7,0,3515.68,8,6.9,7
2,1,378.59,24,1,1
2,0,322.96,33,153.9,2
5,0,1026.42,123,5,5
0,1,-102.45,0,371.8,-1
3,0,598.2,79,78.9,3
2,0,230.22,11,20.9,2
2,0,169.55,11,21.2,2
4,0,664.54,35,307.9,4
1,0,80.7,2,145.1,1
18,2,8986.69,334,6.9,16
8,3,2702.22,118,8.2,5
2,0,190.25,15,70.1,2
1,0,264.7,11,286.9,1
1,0,413.59,28,49,1
6,1,2503.23,240,31,5
1,0,357.98,10,206.2,1
2,0,196.79,14,14.1,2
1,0,869.87,54,73,1
1,0,200.14,11,60,1
4,1,1861.11,72,38.9,3
12,1,2590.46,91,29.1,11
5,1,488.03,14,26,4
15,1,7024.53,108,3.8,14
1,0,320.46,12,16.9,1
6,3,4098.8,188,19.1,3
2,0,1266.08,33,65.2,2
1,0,311.3,16,212.9,1
6,1,850.63,58,11.9,5
1,0,76.8,5,29.9,1
9,3,3409.66,66,32,6
6,0,2313.14,122,3.1,6
5,1,1383.49,55,14.9,4
12,3,3865.26,102,10,9
1,1,633.71,15,206,0
3,1,2030.33,34,45.1,2
2,0,529.73,47,133.9,2
7,0,4582.64,102,43,7
5,0,2874.72,53,9,5
3,0,962.19,22,115.2,3
2,1,685.93,42,197.9,1
1,0,328.8,11,277,1
3,0,473.02,30,110,3
1,0,505.18,39,77,1
1,0,917.34,20,52.2,1
4,1,4328.46,154,154,3
3,1,1398.96,37,46.2,2
2,0,642.8,37,16.1,2
3,0,631.9,22,154.9,3
1,0,440,28,225,1
2,0,584.07,30,7,2
2,0,327.7,16,121.1,2
1,0,104.82,6,60.2,1
2,0,467.66,15,63,2
8,0,2360.09,210,17.8,8
19,4,14634.64,119,6.8,15
11,7,2929.84,53,1.9,4
3,1,512.02,82,21.9,2
5,0,1428.02,41,28.1,5
1,0,626.65,38,284.1,1
2,0,147.2,27,176,2
3,1,1554.48,64,78,2
1,0,152.2,6,33,1
12,3,3542.19,146,40,9
1,0,141.41,21,266,1
4,0,652.82,165,26,4
4,0,1659.75,4,108.9,4
1,0,154.99,14,283.9,1
5,2,1290.01,22,8,3
1,1,375.13,83,277,0
4,2,5639.15,348,16,2
2,0,746.36,49,31.1,2
23,3,15477.34,52,0.1,20
1,0,225.36,56,19,1
2,0,260.25,2,124,2
1,0,92.46,6,64.9,1
1,0,725.64,10,105.9,1
23,6,8124.4,320,1,17
17,1,6147.4,179,23.1,16
1,0,183.6,8,266.1,1
19,1,6135.38,86,4,18
12,0,10464.85,60,9.1,12
5,2,1188.32,59,29,3
1,0,152.55,7,266,1
2,0,374.7,51,63.1,2
1,0,265.85,22,319.9,1
8,1,1307.41,271,3,7
1,1,139.54,13,20.9,0
3,0,942.26,33,4.2,3
1,0,122.47,43,128.9,1
5,0,499.42,33,40,5
6,0,1049.37,46,101.1,6
1,0,375.1,12,124.1,1
1,0,45.6,4,32.1,1
2,2,904.67,126,266.9,0
1,0,182.25,28,364.1,1
9,0,1018.43,162,4,9
18,1,4435.79,272,2,17
1,1,181.67,61,2,0
13,1,50415.49,379,9.9,12
1,0,161,13,56.1,1
1,0,76.32,1,324.1,1
14,3,4063.1,117,7,11
1,0,442.85,95,11.8,1
17,17,57120.91,1119,3.8,0
1,0,147.35,21,36.1,1
11,1,3092.97,167,16,10
1,0,194.9,24,137.1,1
6,0,5976.79,15,73.1,6
5,3,1314.73,35,4.9,2
2,0,216.21,21,154,2
1,1,1260.33,74,84.9,0
7,1,2688.48,61,51.1,6
2,1,594.16,33,30.1,1
1,1,80.2,9,23,0
12,1,5669.65,94,3,11
4,1,688.6,10,14,3
7,5,2774.17,117,22,2
4,4,1377.92,26,3,0
2,0,386.53,15,273.1,2
5,0,1382.74,61,19.1,5
1,0,90,3,143.2,1
0,1,-19.9,0,354,-1
4,2,2740.3,148,3,2
1,0,419.58,4,84,1
3,0,2740.43,159,10,3
3,1,643.63,14,7,2
3,0,709.71,39,122.1,3
2,0,637.5,40,60.1,2
5,0,1123.86,31,1.1,5
1,0,483.86,66,318.9,1
11,1,3580.13,100,2,10
3,2,590.34,25,129.1,1
15,0,4690.31,95,1.1,15
2,0,982.38,40,1,2
1,0,415.82,26,46,1
2,1,920.05,60,3.2,1
4,2,879.03,27,2.1,2
1,0,311.81,22,372.8,1
1,0,115.8,7,133.2,1
4,1,3148.2,6,46.1,3
5,1,2949.57,183,8.1,4
2,1,468.4,4,49,1
1,0,157.2,3,233.1,1
1,2,259.43,28,212.1,-1
2,0,658.64,23,35.1,2
2,1,611.09,47,75,1
2,0,1345.62,52,238.9,2
1,0,118.75,6,265.9,1
55,11,113384.14,714,9.1,44
2,1,400.43,45,19.1,1
1,0,507.66,41,39.9,1
11,3,4678.3,501,19,8
3,0,1110.52,87,215.1,3
2,0,289.36,25,173.1,2
4,0,2445.91,36,86.9,4
2,0,1631.77,28,70.1,2
1,0,122.54,23,275,1
4,0,574.84,27,38.9,4
1,0,363.79,57,97.9,1
4,0,450.84,28,10,4
1,0,134.46,26,33,1
3,4,3108.06,139,51,-1
4,1,574,28,297,3
4,1,554.46,37,84.2,3
7,0,1620.93,191,8,7
2,0,719.78,135,40,2
25,6,4640.77,112,10.1,19
1,0,452.89,24,66,1
1,0,197.65,3,331,1
6,4,2018.91,34,8.1,2
15,9,4604.31,176,1.9,6
13,1,4660.01,145,1.1,12
2,0,853.39,35,67.2,2
21,11,11216.75,269,4.1,10
2,1,962.7,7,201.1,1
1,0,335.52,6,106.1,1
4,3,663.5,35,3.8,1
1,0,185.4,2,218,1
7,2,688.04,32,60,5
1,0,161.03,36,2,1
2,2,218.78,23,10,0
1,1,308.26,20,238.9,0
1,0,151.74,10,94,1
6,1,2067.13,55,10.1,5
6,1,1900.89,66,91,5
9,4,2208.3,87,53,5
1,0,1070.48,9,89,1
0,1,-1192.2,0,371.1,-1
5,2,1000.23,64,30.1,3
6,1,1777.92,98,11,5
4,0,1839.3,47,2.9,4
17,7,1925.36,78,1,10
1,0,169.48,12,42.2,1
1,0,89.94,7,3.9,1
2,0,632.4,21,247,2
9,1,3427.85,123,42,8
1,0,683.17,41,176.9,1
3,1,975.23,50,92,2
4,0,1050.12,105,110,4
5,2,2201.64,64,28.1,3
10,5,3315.71,117,25.9,5
3,2,1450.6,29,51.2,1
3,2,822.06,47,178.9,1
5,3,2043.93,81,31,2
4,1,1447.51,30,43.2,3
4,0,775.46,122,21.8,4
5,1,3093.86,65,10,4
2,0,490.86,15,80.2,2
1,0,161,9,373,1
1,0,146.85,8,325.9,1
11,2,2323.5,83,43,9
2,0,890.34,37,30,2
1,0,213.7,10,183.1,1
2,0,280.55,13,234.1,2
10,4,2535.88,99,8.1,6
2,3,1677.48,107,176,-1
3,0,1474.06,57,110.1,3
1,0,136.77,19,277.9,1
1,0,302.58,8,317.9,1
3,0,1904.05,94,6.9,3
5,0,2879.7,37,1.2,5
2,1,935.06,51,253.9,1
5,1,3087.27,88,51,4
9,1,12650.08,58,8.9,8
1,0,120,5,141.1,1
2,0,1163.45,52,50.2,2
8,0,2618.23,87,7.9,8
2,1,319.47,15,154.1,1
2,0,530.18,31,109,2
3,4,1279.09,25,150.1,-1
1,0,492.65,29,331.1,1
1,0,112.32,10,225,1
2,0,437.96,33,73.2,2
4,0,559.97,22,51,4
3,2,1019.39,52,87.8,1
3,1,3957,195,14.9,2
1,0,134.04,8,196.1,1
15,0,3729.34,70,2.8,15
2,1,578.45,24,30.2,1
4,0,1910.01,18,20.9,4
3,2,4595.81,220,23.1,1
3,1,151.23,9,8,2
1,1,413.85,16,211.9,0
6,0,911.26,33,8,6
5,1,2307.45,89,10.9,4
11,1,3873.3,145,1.1,10
9,5,4819.33,64,7,4
4,0,1046.56,51,2.9,4
1,1,154.7,5,39.9,0
4,2,1284.06,48,17.2,2
44,1,50862.44,884,2.9,43
9,9,2855.35,94,7.9,0
1,0,43.2,3,18.2,1
1,1,632.04,13,107.2,0
1,1,197.1,17,222.1,0
3,2,1803.76,96,70.9,1
2,1,2083.42,33,51,1
6,0,2995.72,150,88.2,6
9,1,2319.68,74,8,8
1,1,229.71,20,224.8,0
6,0,1611.59,74,46.2,6
1,0,120,8,106.1,1
6,1,2456.98,64,20.9,5
1,0,508.58,24,64.1,1
2,1,343.11,29,206.2,1
5,0,1530.75,111,10.1,5
2,2,574.26,32,114.1,0
1,1,166.85,8,234.1,0
1,0,311.65,12,163,1
7,7,4928.74,218,8.2,0
2,0,462.66,27,124,2
3,0,866.31,22,22,3
1,1,351.45,15,63.8,0
8,1,2539.46,98,16.1,7
2,0,468.26,55,16,2
4,0,1614.91,77,16,4
2,2,554.22,30,157.9,0
1,3,289.91,14,234.1,-2
1,0,134.7,6,218.2,1
8,1,2166.38,109,44.9,7
4,2,607.71,18,21,2
8,0,889.93,56,127,8
1,0,108.98,6,38.1,1
2,0,1021.58,55,120.2,2
1,0,409.57,18,259.9,1
1,0,133.5,31,9.9,1
1,1,258.7,18,270,0
1,0,51,1,164.1,1
4,0,1078.96,44,156.9,4
1,0,90.6,6,214.9,1
2,0,163.62,9,5.1,2
1,0,174.4,11,365,1
2,2,666.94,33,59.9,0
1,0,225.77,39,42.9,1
3,3,882.58,44,19,0
4,0,2128.23,104,31.2,4
1,0,161.2,37,21.9,1
8,0,3717.35,61,108.1,8
16,3,9167.82,270,8,13
1,0,155,8,319.1,1
1,0,100.5,4,294.8,1
1,0,76.55,4,357.9,1
1,0,257.68,57,185,1
2,0,617.05,11,191,2
2,0,348.1,39,43.9,2
1,0,202.68,56,51.9,1
1,0,626.07,121,25.9,1
3,0,1247.69,49,37.9,3
3,0,202.11,13,8.9,3
1,0,142.4,7,296.1,1
3,0,1770.56,125,32,3
8,2,3172.04,124,8.1,6
2,3,999.72,33,8.1,-1
9,4,4592.47,135,10,5
1,0,67.95,5,217.8,1
9,3,3471.91,181,1.9,6
2,0,487.99,71,64.9,2
19,4,2556.68,18,0.1,15
1,1,559.7,25,140.8,0
13,1,4039.98,113,4,12
4,1,1426.31,17,130,3
6,1,1434.72,70,33,5
1,0,156.75,8,118.9,1
6,3,2111.08,67,107,3
7,0,2606.53,60,10,7
6,1,1908.25,40,70.8,5
9,6,576.3,153,15.1,3
1,0,1063,14,310.1,1
2,1,761.33,43,35,1
1,0,122.7,22,362,1
7,1,1485.13,79,91.1,6
13,5,5811.56,283,0.9,8
2,0,490.22,13,21.9,2
3,0,1937.25,114,3,3
6,0,1058.06,112,10.1,6
1,1,385.87,29,84.9,0
2,0,813.11,25,57,2
6,0,4263.64,189,0.1,6
1,0,265.2,3,217.9,1
1,0,322.08,1,17,1
10,6,3918.9,183,18,4
2,0,363.34,16,50,2
5,2,1230.14,108,7,3
1,1,397.76,17,298.1,0
6,0,2255.51,256,9.2,6
6,0,1372.8,3,21.2,6
1,0,89.06,9,98.2,1
1,1,-43.4,5,143,0
1,0,131.9,9,305.9,1
1,0,2661.24,32,319,1
5,0,2357.68,33,7.9,5
4,6,1545.14,43,0.2,-2
2,3,1544.62,58,1,-1
4,3,1400.88,84,53.2,1
4,0,1039.58,233,0.1,4
5,0,1163.23,54,18.2,5
2,0,375.35,20,9,2
4,0,907.1,201,18,4
3,0,483.25,32,180.1,3
2,0,662.59,86,60,2
2,0,264.44,55,10,2
1,0,119.93,22,190,1
9,5,3047.63,580,5,4
1,0,113.64,4,310.1,1
1,0,1837.92,37,155,1
3,1,383.34,14,110,2
3,0,2103.06,173,147.9,3
11,4,1965.9,150,63.2,7
3,0,529.62,6,97.9,3
3,0,1058.62,107,246,3
7,0,2272.4,35,28.9,7
4,0,598.76,67,17,4
2,0,461.19,43,11.1,2
8,0,1936.84,153,103.1,8
2,0,234.34,7,73.9,2
1,1,537.71,29,43,0
3,3,799.82,35,71.1,0
1,0,215.7,17,256.9,1
4,1,1307.81,7,19.1,3
2,0,316.25,18,253.2,2
1,0,279.05,13,10.8,1
2,0,636.51,25,164.1,2
6,0,2068.15,110,18,6
1,1,129.2,9,149.2,0
1,0,321.92,14,50,1
1,0,165.75,44,38,1
6,1,1183.58,112,26,5
1,1,1047.43,46,51,0
1,0,463.38,30,207,1
2,0,340.93,17,174.9,2
5,2,2362.84,95,6.9,3
1,0,139.56,7,25.1,1
2,0,123.8,6,50.1,2
2,0,538.81,16,311.2,2
1,1,457.47,29,300.9,0
5,0,1957.32,162,42.1,5
3,0,815.32,146,26,3
3,0,356.85,6,87.9,3
2,1,190.31,9,63.7,1
11,3,2351.02,368,19,8
6,0,3543.26,113,3,6
4,0,673.26,85,46.9,4
8,3,5818.7,540,16.9,5
5,0,2012.17,204,17,5
6,1,1368.18,79,23,5
2,0,276.42,52,21.7,2
5,1,1267.41,53,10.8,4
2,0,275.28,19,187,2
3,1,438.49,11,100.1,2
3,0,1055.35,65,60.9,3
6,0,2102.09,68,17.1,6
2,0,330.45,17,32.9,2
1,0,174.37,16,64,1
2,0,270.6,3,1.1,2
4,0,974.54,15,24,4
1,0,241.09,12,108,1
9,0,1867.68,161,31,9
9,4,4221.37,217,8.2,5
55,31,7711.38,330,2,24
1,0,364.22,18,36.8,1
3,0,620.04,177,59.9,3
6,0,2925.91,140,25.1,6
4,0,932.85,45,236,4
7,2,1812.62,53,24,5
18,7,4075.35,331,2,11
3,1,2841.09,280,58.9,2
1,0,171.8,18,259,1
1,0,355.56,10,57.1,1
2,0,388.25,19,64.1,2
2,0,537.48,31,15.1,2
3,0,996.26,64,9.1,3
8,0,1461.65,71,58.2,8
1,0,103.25,5,185.2,1
16,5,2916.17,43,3.1,11
2,0,2024.45,97,23.9,2
5,4,2487.02,250,3.8,1
8,1,3986.74,198,3.1,7
2,0,652.8,2,150.1,2
1,0,289.24,56,311,1
2,0,765.62,38,10,2
2,0,186.23,9,18,2
1,0,165.07,57,151,1
5,0,859.27,103,19,5
4,0,2381.04,147,9.8,4
2,0,324.14,18,56.9,2
1,1,0,16,63.7,0
22,2,2174.18,39,6.9,20
3,0,1080.76,67,75,3
18,4,4709.22,187,3.1,14
4,2,3073.77,111,95.1,2
1,0,1432,4,110.1,1
2,1,1524.46,33,35,1
1,0,227.39,10,0.9,1
2,0,218.06,29,280.1,2
7,3,2803.69,190,2.9,4
9,4,1603.72,127,179.1,5
1,0,35.4,1,371.8,1
4,0,859.71,86,12,4
1,0,168.63,24,2.8,1
1,0,138.6,16,16,1
1,0,114.11,6,40,1
5,0,1052.55,243,5,5
4,1,1029.26,68,168.8,3
1,0,157.05,29,50,1
1,2,134.16,19,226.8,-1
9,1,1598.24,170,18.1,8
1,0,39.75,3,371,1
4,0,1447.14,138,15,4
3,0,570.46,132,34.8,3
3,0,617.99,127,21,3
2,0,379.83,48,7,2
6,0,1740.6,94,19,6
2,0,883.15,45,11,2
1,0,221.97,49,44,1
1,0,393.33,25,305.1,1
1,0,213.96,7,10.1,1
1,0,660,2,274.1,1
93,35,11713.85,819,0.7,58
14,3,11341.1,38,15.1,11
4,0,1785.15,8,3.8,4
4,0,601.56,2,72,4
3,0,406.08,2,242.2,3
3,1,538.59,10,9,2
1,1,379.51,20,238.9,0
2,1,393.28,26,204,1
5,1,1765.76,80,0.9,4
1,0,320.58,21,184,1
5,1,869.35,108,32,4
2,0,225.85,13,57,2
2,3,848.48,51,184.9,-1
4,3,2757.07,108,8.2,1
0,1,-21.85,0,311.1,-1
2,0,671.96,22,91,2
2,1,939.21,133,3.8,1
3,0,1006.98,38,50.1,3
1,0,114.56,8,262.2,1
1,0,344.9,20,265.8,1
2,0,609.85,27,35.9,2
1,0,443.6,16,50.2,1
6,2,2952.34,138,51.9,4
6,2,2042.15,87,15.1,4
1,0,110.46,7,21.1,1
1,0,96.12,2,58.1,1
2,1,668.61,30,170,1
2,2,780.46,26,8.9,0
2,0,597.09,28,156.2,2
74,3,279489.02,701,1,71
1,0,243.22,24,201,1
4,0,1417.29,148,4,4
2,0,654.6,95,66.9,2
1,0,114.18,29,77,1
7,0,1947.55,154,1,7
4,1,1930.15,35,3.1,3
2,0,291.05,73,169,2
4,1,838.27,103,17,3
2,0,247.15,27,4.9,2
9,3,2456.53,147,8,6
2,0,285.74,24,86.1,2
1,0,107.95,4,26,1
4,0,771.17,143,28,4
2,0,637.89,78,19.1,2
5,2,1258.38,63,60.1,3
1,0,195.25,14,24,1
25,2,9231.2,354,10.1,23
3,0,1269.99,158,241.1,3
2,0,411.53,107,279.9,2
2,0,765.55,58,234.1,2
5,0,1736.4,39,2.9,5
1,0,604.75,93,16,1
6,2,2543.24,29,31,4
0,1,-2.55,0,371.1,-1
16,7,26932.34,73,24.8,9
3,0,498.95,6,70.9,3
2,0,52,1,187.1,2
5,0,1236.28,231,25.1,5
1,0,628.38,15,106.1,1
21,6,5107.38,148,7,15
1,0,112.8,13,208.1,1
2,1,358.61,40,43.9,1
5,0,2114.33,50,30,5
4,1,582.05,53,136.9,3
1,0,172.9,8,264,1
7,2,2070.97,117,4,5
2,0,188.61,22,217.9,2
5,0,1250.76,148,1,5
1,0,109.13,8,214,1
3,0,2235.3,80,31.9,3
9,3,2486.22,268,10,6
17,1,3250.64,196,0.7,16
1,0,318.17,22,14.1,1
9,0,1546.91,288,11,9
1,0,179,1,198,1
3,1,1096.67,25,2.2,2
13,1,4911.14,71,14.9,12
4,0,606.13,124,13.9,4
11,1,2838.2,221,9.9,10
3,0,917.07,21,29,3
11,1,2664.26,146,8.8,10
1,0,160.19,10,24,1
4,0,867.38,60,24,4
2,0,329.68,46,42.8,2
5,1,1592.18,177,1,4
3,0,663.81,34,5,3
1,0,187.92,28,147,1
6,0,1158.3,193,9.9,6
1,0,718.08,45,24,1
1,0,268.58,10,273.9,1
1,0,313.49,69,373,1
8,0,2005.06,317,0.9,8
3,0,380.02,38,46.9,3
8,2,2686.34,105,7.9,6
12,3,9451.54,102,8.9,9
32,2,5807.69,99,3,30
3,0,1164.55,15,3.1,3
7,2,1289.94,39,39,5
7,1,3899.1,47,1.9,6
3,1,1423.21,85,190.9,2
6,0,1400.34,35,11.2,6
7,2,1088.53,21,16,5
5,1,1167.16,46,112.2,4
1,1,294.3,18,247.1,0
5,1,1311.79,87,28.8,4
1,0,389.64,5,43.1,1
1,0,563.15,30,87,1
2,0,638.05,38,44.1,2
11,1,4965.38,128,9.1,10
1,0,738.96,38,14.8,1
1,0,420.5,19,75,1
4,0,1484.06,54,144.2,4
3,0,1625.97,92,4,3
1,1,53.8,5,293.9,0
2,0,255.9,11,58.1,2
1,0,300.52,21,263.2,1
1,1,250.55,6,43.1,0
3,0,254.11,38,28.7,3
6,2,2423.07,111,7.9,4
2,1,139.5,4,17,1
8,2,10641.6,718,2.1,6
2,0,876.42,49,232,2
1,0,139.26,9,111.9,1
3,0,1011.9,57,57.9,3
11,2,2195.58,44,50.9,9
0,2,-17.45,0,4,-2
2,0,730.86,34,126.9,2
3,0,386.15,40,280,3
2,0,447.68,26,54,2
1,0,200.1,6,319.1,1
2,0,289.99,15,26,2
2,0,77.4,2,10,2
2,0,679.44,26,6.8,2
1,0,197.64,6,28.2,1
4,0,745.06,30,16.1,4
1,1,0,2,63.2,0
1,1,214.14,14,3.9,0
7,2,1272.11,68,2.1,5
1,0,131.45,6,166,1
17,10,7839.51,403,0.9,7
3,0,173.74,11,52.1,3
1,0,157.7,13,50.9,1
12,4,4236.34,246,47,8
1,0,193.14,56,60.9,1
3,0,845.55,35,162,3
1,0,353.27,12,8.1,1
4,0,554.65,30,14.9,4
1,0,193.39,11,74.9,1
8,7,2175.37,176,39,1
11,0,2087.88,106,40.1,11
2,0,155.43,25,369,2
2,0,778.5,53,36.1,2
1,0,271.85,4,197,1
2,0,1110.34,52,200,2
3,0,657.8,41,73.1,3
2,0,272.07,13,64,2
4,0,507.29,24,20.9,4
1,0,48.8,2,366.2,1
3,0,321.43,56,180,3
4,0,1127.71,19,9.9,4
12,0,2226.91,82,3,12
3,0,2139.76,17,196.1,3
4,2,644.65,39,28.9,2
1,0,197.13,39,53,1
6,2,1698.35,43,17.1,4
3,0,102.45,5,9.8,3
4,1,1641.2,96,89.1,3
1,0,62.85,4,267,1
6,0,3295.76,103,52.9,6
4,4,2456.8,128,35,0
4,0,3189.81,87,63.1,4
1,0,309.4,13,148.1,1
25,3,7904.28,159,21.1,22
1,1,278.15,21,311.1,0
2,0,511.35,28,22.9,2
6,0,2836.69,96,58,6
2,1,463.05,8,8.1,1
7,1,2749.89,110,77.9,6
2,0,645.65,13,119,2
3,0,1311.38,65,35.9,3
2,1,1165.65,58,59.2,1
4,1,1352.04,47,12.1,3
1,1,168.62,11,8.1,0
1,0,125.79,6,52,1
2,0,841.2,47,25.1,2
1,0,266.76,11,28.9,1
2,0,52.2,4,6.9,2
12,1,14197.45,30,10,11
3,1,701.33,31,185.1,2
8,1,2939.64,96,2.9,7
2,1,721.95,66,3.1,1
1,0,327.25,13,261.1,1
4,0,522.38,68,3,4
1,0,519.68,28,210,1
2,3,1448.72,46,8.9,-1
9,0,1485.54,62,12.1,9
3,0,706.19,45,77,3
1,0,255.4,17,19.1,1
2,0,589.7,6,26,2
6,1,756.64,39,18.1,5
1,0,765.32,15,131.1,1
1,0,364.8,18,252.2,1
1,0,1862,6,78.9,1
1,0,369.2,20,207,1
1,0,135.9,10,335.9,1
1,0,125.65,7,253.1,1
2,0,554.38,30,147.8,2
2,0,1237.85,72,9,2
1,0,655.75,23,85,1
20,4,11020.26,273,7.1,16
2,0,468.77,43,204.1,2
4,0,1366.38,43,7.1,4
6,2,1228.32,86,22.9,4
9,1,1414.99,73,10.8,8
1,1,314.11,20,20.8,0
5,5,2744.48,227,20.9,0
2,0,1025.44,66,2,2
2,1,599.9,14,154,1
7,3,3478.85,125,2.9,4
1,0,277.8,9,74,1
4,3,389.86,25,2.1,1
201,47,132572.62,1787,0.9,154
2,1,841.52,21,16,1
4,0,1227.43,76,35.2,4
2,1,258.83,12,85.1,1
4,1,1264.84,72,70.2,3
2,0,1610.15,39,115.1,2
2,0,977.77,57,212.1,2
2,0,1316.07,78,30,2
1,0,749.1,44,50.1,1
1,0,310.05,10,245.2,1
1,0,223.88,11,31.8,1
3,0,2372.86,116,108.1,3
5,1,964.68,30,4.1,4
1,0,363.53,17,365,1
2,1,1888.84,68,72.2,1
1,0,1784.71,10,296.9,1
8,1,8117.42,210,8.9,7
3,1,1617.63,33,56.1,2
12,2,5842.95,101,29.2,10
1,0,100.9,3,14,1
2,0,290.82,14,71.9,2
6,1,1066.57,56,22.8,5
1,1,361.25,19,8.1,0
1,0,311.69,20,78.9,1
11,4,7912.79,117,46,7
1,0,289.82,54,24.9,1
1,0,336.17,75,11.9,1
1,0,58.49,12,252.8,1
3,0,499.68,33,147,3
4,1,684.97,37,58.9,3
2,0,221.27,23,8,2
9,3,7006.58,193,10.1,6
1,0,126.7,5,270.1,1
5,0,1487.8,149,9,5
1,0,206.21,13,247,1
2,0,599,80,96,2
1,0,191.32,35,14,1
1,0,463.8,6,49.1,1
1,0,147.59,37,30,1
4,0,1592.06,24,68,4
3,0,1116.57,144,34.8,3
1,0,114.77,18,128,1
3,0,1314.45,29,106.9,3
1,0,114.39,17,37,1
1,0,279.94,11,57,1
7,1,765.86,47,56.9,6
5,0,1931.42,136,72,5
1,0,102.12,8,246,1
2,0,213.27,37,18.9,2
2,0,296.75,78,198,2
2,0,326.4,2,15.1,2
1,0,334.54,40,211.1,1
2,0,233.23,53,38,2
3,1,540.98,25,46,2
2,0,429.87,70,169.8,2
1,0,490.52,76,47.1,1
4,0,1641.76,93,115.1,4
1,0,1246.32,154,147,1
28,7,6180.49,360,15,21
1,0,502.09,121,50.9,1
1,0,156.91,12,158.9,1
3,0,1261.78,148,12,3
1,0,308.94,20,35,1
2,0,423.04,110,53.1,2
2,0,260.17,29,42.7,2
1,0,170.04,20,172.1,1
1,0,125.58,20,33.1,1
3,1,456.26,30,38,2
1,0,266,64,266,1
9,4,1872.28,287,8,5
4,0,905.04,96,11,4
11,1,6763.16,347,2.8,10
10,0,1661.33,105,9,10
1,0,377.01,66,32.9,1
3,0,469,57,80,3
4,2,1051.95,30,30.1,2
4,0,627.13,35,7.9,4
2,0,518.28,7,71.1,2
4,0,668.14,74,3.9,4
3,2,4464.1,29,255.9,1
10,1,2571.02,315,4,9
8,3,4277.66,299,15,5
1,0,252.73,26,89.1,1
3,0,465.55,107,71.9,3
6,1,665.59,105,43,5
47,5,19786.44,408,9.1,42
1,0,180.35,66,169.9,1
1,0,135.93,5,198.9,1
1,0,537,3,30.9,1
17,5,7629.38,233,19,12
2,1,633.66,11,151.1,1
15,1,5064.01,147,8.9,14
1,0,343.62,22,269.1,1
4,1,380.57,86,65,3
1,0,121.17,3,273,1
3,2,1727.17,68,24.9,1
3,0,1391.61,130,22.9,3
1,0,215.78,27,318.9,1
3,0,697.79,49,4,3
2,0,302.1,105,11.9,2
2,0,1489.5,25,274.9,2
11,0,2124.99,199,24.9,11
9,2,1325.82,161,40.1,7
4,0,303.09,81,8,4
48,7,54228.74,70,3,41
4,0,987.86,47,70.9,4
1,0,370.8,5,213,1
4,2,3135.98,148,37.1,2
1,1,760.59,42,31.1,0
3,0,1744.76,82,78,3
2,0,553.36,96,46,2
1,0,1109.53,70,179,1
1,0,106.2,1,372.1,1
2,0,982.07,25,93.1,2
3,1,612.43,31,9.1,2
1,0,748.87,41,105,1
1,0,773.03,27,77.1,1
1,0,880.85,49,172.2,1
32,6,9623.35,97,6.9,26
4,1,893.66,46,212,3
5,1,487.35,26,21.8,4
1,0,88.2,5,256.1,1
1,0,306.94,15,281.1,1
2,1,1140.27,53,21,1
6,0,2420.84,139,9.8,6
1,0,381.32,23,307.9,1
1,1,476.96,30,53.1,0
2,0,457.81,23,215,2
6,3,4410.14,52,18,3
4,1,1364.7,30,103.1,3
1,0,219.39,11,42.1,1
1,0,248.08,25,3.9,1
3,2,649.5,1,181.9,1
1,0,410.48,23,84,1
3,3,635.1,1,329.8,0
2,1,310.03,8,8.1,1
2,0,703.36,35,30.9,2
2,1,1002.54,66,166.1,1
7,0,2298.93,90,17.8,7
5,2,1407.73,90,17.1,3
6,2,247.66,12,310.9,4
4,1,1291.75,50,141.1,3
1,1,463.75,28,240.2,0
4,3,970.25,17,23.1,1
3,0,1567.48,70,28.8,3
3,1,3439.41,77,9.2,2
10,0,2760.56,136,29.9,10
1,0,340.11,21,17.9,1
4,0,1352.75,37,17,4
5,1,1550.13,63,14.2,4
1,0,244.8,1,134,1
1,0,266.4,14,245.2,1
1,1,343.82,21,129.2,0
2,0,457.72,28,50,2
3,3,1612.13,65,84.9,0
2,0,2199.31,93,7,2
2,0,184.19,14,22.1,2
15,8,11117.05,102,25,7
1,0,406.53,16,65.1,1
4,4,1419.54,74,60,0
11,0,3447.4,54,50,11
1,0,330.11,22,169.1,1
5,0,977.93,49,17.8,5
3,0,982.42,27,127.1,3
8,0,1387.99,44,14.2,8
1,1,127.15,9,232.9,0
4,1,1282.45,61,2,3
2,0,178.96,13,239.1,2
7,1,2350,74,52,6
1,0,498.74,26,46,1
1,0,259.45,14,225.1,1
17,1,6530.04,132,7.9,16
4,0,1194.73,54,3.8,4
2,1,1313.66,90,164.1,1
1,1,608.65,28,218.1,0
1,0,301.29,20,10.2,1
1,0,520.8,23,133.1,1
10,1,5303.97,282,17,9
13,3,4684.24,196,9,10
1,0,329.25,22,30.8,1
1,1,240.27,66,73.9,0
3,0,961.49,51,0.8,3
3,2,1869.5,125,3.1,1
1,0,401.4,7,45,1
30,4,18573.68,363,1,26
1,0,158.16,4,356.9,1
2,0,304.47,29,18,2
3,0,843.05,79,68.1,3
1,0,487.75,27,372.9,1
1,0,163,39,320,1
1,0,106.56,5,25.1,1
1,1,1034.5,5,324,0
5,0,1624.05,106,8,5
1,0,135.75,11,322.2,1
1,0,224.14,23,71.1,1
1,0,40.5,3,259.9,1
5,2,2186.2,91,18,3
1,0,87.5,6,366.9,1
3,2,680.28,11,66,1
2,0,622.85,24,154,2
2,0,406.76,59,29,2
1,0,310.62,21,70,1
2,0,411.41,17,13.9,2
16,2,4670.08,61,1,14
41,12,15802.14,80,1,29
3,0,1044.32,36,119.1,3
1,0,499.32,19,60.2,1
15,7,7521.17,209,2.9,8
1,0,3861,1,2,1
3,2,656.44,30,8.2,1
2,0,193.64,10,92,2
4,0,1268.7,5,58.9,4
5,6,927.84,35,78.2,-1
6,0,1827.8,82,25.2,6
1,0,316.58,9,357,1
2,1,648.83,37,84.8,1
4,0,420.3,3,10,4
5,1,867.62,25,0.8,4
1,0,331.18,20,224.9,1
2,0,894.41,52,60,2
1,1,88.95,5,239,0
2,1,325.05,22,318,1
8,0,1661.44,109,1,8
3,3,615.99,33,44.1,0
1,0,96.6,2,87.1,1
11,0,5756.89,77,10,11
1,0,305.75,9,175.9,1
6,1,1758.92,110,51,5
1,1,114.1,5,366,0
1,0,585,5,318.2,1
2,1,454.9,14,225.1,1
2,1,310.48,13,357.9,1
1,0,409.4,23,234,1
1,0,154.41,8,310,1
5,0,1219.4,43,36,5
4,1,3376.96,110,66,3
2,0,429.6,23,239,2
2,0,612.06,26,112.9,2
1,0,197,14,276.2,1
12,0,2247.51,132,217.2,12
1,0,321.05,15,298.1,1
4,0,1412.32,94,1.1,4
3,2,1056.54,49,28.9,1
2,1,764.34,48,9.9,1
5,2,1685.57,58,44.2,3
8,1,1738.59,82,66.2,7
1,0,316.68,22,74,1
2,0,631.57,31,65,2
3,0,2515.84,55,133.8,3
2,0,514.15,32,238,2
1,0,356,6,122,1
13,2,6657.36,211,31,11
11,4,10327.11,97,8.9,7
2,0,740.78,44,36,2
5,1,915.3,52,15.9,4
1,0,300.36,18,126.9,1
1,0,890.85,47,66,1
1,0,98.45,6,148.1,1
1,1,232.15,7,281,0
2,0,623.16,32,168.1,2
7,1,1780.77,62,100,6
1,0,254.82,19,134.9,1
1,0,178.95,10,323,1
1,0,156.51,12,106.1,1
1,0,393.74,23,64,1
2,0,1506.12,76,151,2
1,0,119.3,6,338,1
5,0,1717.36,8,21.9,5
1,0,408.8,2,23.1,1
7,2,2298.2,22,15.1,5
15,1,2485.82,184,6.9,14
2,0,721.94,63,57,2
2,0,716.57,44,3.8,2
1,1,609.19,41,30.8,0
1,0,135.31,49,65.9,1
1,0,255.9,12,46.2,1
1,1,277.41,19,354.1,0
1,0,113.12,16,171.9,1
9,3,2239.95,121,58.2,6
1,0,240.55,3,49.1,1
2,1,485.24,17,21.9,1
5,0,2306.52,80,42.9,5
3,1,935.1,43,29,2
18,3,7803.77,93,4,15
15,5,4596.51,62,25.1,10
1,0,180.94,24,201,1
6,4,3610.31,137,43.9,2
3,1,635.04,30,9.8,2
12,2,3774.1,115,1.8,10
7,4,3787.09,7,67,3
1,0,496.44,28,63.9,1
12,2,5028.12,167,50.2,10
1,0,574.02,31,290,1
8,2,680.3,8,60.1,6
3,0,1174.35,57,64,3
1,0,205.3,12,95.1,1
1,1,302.27,19,270,0
91,27,59419.34,567,0,64
4,1,921.1,42,75,3
1,0,52,1,109.9,1
1,0,327.97,24,199,1
2,1,551.54,35,64,1
1,0,165,1,326.1,1
1,0,312.62,33,3.1,1
1,0,204.5,16,283,1
1,0,267.13,36,44,1
3,1,2650.73,83,49,2
1,1,602.97,42,63.7,0
1,0,162.29,47,103.1,1
1,0,311.71,29,333.1,1
1,0,208.75,10,52.1,1
3,2,1005.5,51,35,1
2,0,714.96,10,31.8,2
4,0,1661.06,29,365.9,4
1,0,1028.56,16,208,1
3,0,351.67,67,156.1,3
1,0,173.97,34,53,1
2,1,557.57,77,66,1
1,0,2020.52,17,80.2,1
1,1,391.76,24,115.9,0
1,0,364.5,21,87,1
3,2,476.58,21,0.1,1
1,1,367.69,20,35,0
1,0,252.42,17,332.1,1
1,0,201.6,5,365.9,1
1,0,158.04,9,72,1
2,0,473.81,65,157.9,2
1,0,115.65,5,373,1
7,3,1862.14,157,12,4
2,0,777.02,59,254.1,2
2,0,277.05,9,29,2
10,0,2766.5,215,31,10
22,7,8234.8,292,4.2,15
1,0,427.93,13,39.1,1
1,0,418.92,7,361.1,1
1,1,318.05,16,240.9,0
2,0,913.19,29,95.2,2
7,2,1330.45,65,25.2,5
2,0,602.51,37,75,2
4,1,1867.69,91,57,3
1,0,446.94,4,20.9,1
0,1,-1592.49,0,143.9,-1
7,1,2360.55,65,40.1,6
1,0,2007.4,27,136.9,1
12,1,2213.11,74,7.9,11
1,0,168,3,128.2,1
3,0,1233.36,100,39.9,3
7,1,3631.89,145,169,6
5,1,1682.36,22,8,4
2,0,596.85,8,213.1,2
6,2,5927.86,193,14.1,4
2,1,635.76,34,169.1,1
1,0,316.88,12,39.9,1
1,0,394.14,31,186,1
1,0,140.54,10,270,1
1,0,500,1,171.9,1
4,1,1515.73,74,4.1,3
2,0,231.86,10,15.8,2
4,0,2183.54,54,9,4
1,0,107.45,7,325,1
1,0,288.18,14,112.1,1
1,0,94,6,289.1,1
2,1,1339.63,60,15.8,1
3,0,815.77,45,1,3
5,1,666.7,10,92,4
2,0,626.77,35,148.1,2
1,0,349.1,8,189,1
2,2,426.61,51,17.9,0
4,0,1056.44,142,33,4
1,0,267.18,34,263.9,1
8,0,3450.84,48,84,8
4,1,1346.38,86,25.9,3
1,0,190.53,10,170.9,1
3,0,774.9,37,9.1,3
1,0,572.81,46,312.9,1
4,1,3974.37,165,64.2,3
1,0,508.8,28,84.9,1
1,0,135.86,8,24.1,1
4,0,950.36,40,58.2,4
2,0,97.7,6,322.9,2
1,0,43.5,2,38,1
2,0,383.34,17,254,2
5,2,1429.9,217,18.9,3
3,0,1483.14,233,32.9,3
1,0,93.78,6,14.8,1
2,1,364.9,77,26,1
1,0,171.19,10,22.8,1
2,1,417.87,40,78.9,1
5,1,997.48,40,8,4
1,0,149.29,29,21.8,1
3,0,1122.53,243,11.9,3
1,0,200.16,44,262,1
1,0,156.58,25,131,1
3,0,383.68,50,54.1,3
1,0,594,2,248.1,1
7,1,3212.16,237,1.1,6
2,0,1418.26,191,8.8,2
1,0,113.5,5,263.9,1
1,0,155.17,9,330.1,1
1,0,494.64,28,312.1,1
3,2,971.22,47,25.9,1
1,0,429.84,30,29.8,1
3,0,538.73,47,29,3
7,0,1388.37,169,1.1,7
1,0,179.1,23,361.9,1
3,0,447.22,48,283,3
1,0,237.07,56,261.9,1
1,0,161.64,7,25,1
1,0,216.76,53,353.9,1
3,0,234.6,9,94,3
1,0,126.14,7,29,1
1,0,1048.85,155,337.9,1
18,6,6945.02,43,19.1,12
1,0,334.53,56,85,1
3,1,511.88,41,8.9,2
2,3,438.46,24,35,-1
2,2,504.5,24,42.8,0
1,0,469.48,67,1.9,1
1,0,371.56,76,112.9,1
7,3,1465.2,4,13.9,4
1,0,454.11,29,76.9,1
2,0,1441.42,34,39.9,2
1,0,905.5,45,116,1
12,4,6568.72,46,15.1,8
4,0,233.81,74,161,4
4,1,3563.11,135,0.9,3
3,0,2575,59,29.9,3
1,0,91.32,2,92.2,1
3,1,1090.03,47,22.2,2
6,1,3090.85,108,94.9,5
2,0,659.46,32,27.9,2
5,2,1967.25,177,32,3
2,0,1299.23,120,20.9,2
2,1,1259.7,13,17,1
27,8,12396.46,360,0.1,19
4,0,1131.56,64,8,4
12,11,5541.46,164,15,1
1,0,147.09,66,362.1,1
1,0,52.83,13,81,1
5,2,3497.14,90,52.2,3
3,0,979.26,121,22,3
1,0,492.36,41,171.1,1
6,0,1000.27,78,188.9,6
1,0,250,1,330,1
5,0,909.23,117,11.1,5
2,0,121,7,155.1,2
19,3,14520.08,183,30.9,16
11,2,2963.19,96,11.9,9
3,0,62.43,15,44.1,3
1,0,267.03,27,233,1
8,5,1911.89,135,64,3
1,0,343.5,18,1.1,1
8,5,2574.65,116,36,3
2,0,398.84,47,32.1,2
1,0,412.01,10,83.9,1
1,0,440,1,24,1
3,1,811.02,133,1.9,2
2,0,148.44,4,32.9,2
8,2,2348.82,127,18,6
1,0,229.33,26,253.9,1
11,1,3967.78,415,22.1,10
4,0,1502.35,90,21,4
2,0,2007.44,196,7.8,2
4,2,1517.08,205,24.9,2
3,2,746.92,73,18.9,1
4,3,459.9,55,172.9,1
1,0,110.92,24,163,1
1,0,538.46,41,7,1
1,0,213.3,15,11,1
1,0,85.13,29,114,1
1,0,127.86,26,287.9,1
9,2,3542.51,122,8.1,7
2,0,292.72,78,54,2
14,0,4954.84,441,7,14
3,1,1655.76,104,76.9,2
4,0,575.63,43,3.9,4
1,0,436.06,29,36,1
1,0,90.12,17,217,1
1,0,437.23,51,60,1
1,0,217.2,14,277.2,1
16,4,4758.2,401,11.9,12
1,0,279.77,31,23.9,1
1,0,473.65,16,28,1
4,1,722.74,27,11.1,3
1,0,134.55,1,351.1,1
4,3,1319.69,88,8.1,1
2,0,173.16,8,50,2
1,0,186.01,7,18.1,1
3,0,758.29,27,2.1,3
5,0,1375.71,27,103.1,5
12,1,4109.97,231,6.9,11
4,0,650.43,47,11.1,4
7,0,2552.86,166,4.1,7
2,0,607.45,88,31,2
4,0,702.25,131,177.1,4
1,0,940.67,43,37,1
3,0,258.88,39,150.9,3
1,0,127.1,13,162,1
2,0,348.6,45,68,2
13,1,3429.97,134,120.2,12
3,0,682.91,39,24.1,3
4,1,722.61,89,23.1,3
1,0,455.3,31,176.2,1
4,0,913.68,3,50,4
3,1,456.58,28,252.1,2
0,1,-30.19,0,288.8,-1
1,0,388.58,24,46.2,1
1,0,199.8,5,70.1,1
5,1,1767.53,85,15.2,4
5,4,1343.34,51,100.1,1
1,1,315.72,22,29,0
1,2,235.68,14,35,-1
2,0,761.74,50,26,2
14,3,6745.36,230,10.9,11
9,6,1083.63,30,7.9,3
1,0,48.48,2,78.2,1
1,0,216.39,17,52,1
5,0,1198.23,61,35.9,5
9,2,2422.64,48,57,7
1,0,104.76,13,336,1
4,0,1093.68,59,28,4
1,1,270.03,16,182.2,0
1,0,112.46,6,51.1,1
13,2,1568.39,23,9,11
2,0,195.15,4,35.9,2
23,4,10360.04,184,9.9,19
4,1,747.031,39,32.2,3
1,0,336.4,3,10.2,1
3,3,1524.4,92,49.8,0
4,2,1158.77,11,4,2
9,7,3224.53,169,2.9,2
1,0,301.03,19,140.8,1
4,0,588.13,26,116.1,4
4,4,1504.56,44,99.9,0
2,0,675.8,49,74.2,2
9,1,2865.64,85,4.1,8
2,1,1180.4,57,44.9,1
8,2,3147.31,107,15.1,6
1,0,243.55,15,16.8,1
2,0,724.76,20,89.1,2
1,0,223.36,15,52.2,1
0,1,-94,0,300.9,-1
1,0,425.32,25,134,1
15,2,12433.34,240,3.9,13
4,0,1887.2,102,105,4
3,3,647.4,31,178.9,0
4,0,813,166,166,4
1,0,612.01,50,18,1
3,1,425.14,35,157.2,2
2,2,599.9,23,203.9,0
2,0,816,1,336,2
3,0,646.3,27,36.2,3
1,0,337.74,21,91,1
2,0,877.44,4,92.1,2
2,0,922.53,15,9,2
1,1,511.32,34,232.9,0
4,0,748.5,46,45,4
1,0,30,1,22,1
5,3,958.9,40,189.9,2
1,0,306.45,11,43.2,1
9,3,1552.01,55,24.8,6
2,0,309.8,4,317,2
1,0,138.14,9,105.9,1
1,1,358.63,17,50.1,0
2,0,2242.01,92,168,2
1,0,301.32,13,39.1,1
1,0,76.32,1,217.1,1
4,1,677.69,31,39.9,3
1,0,173.05,12,296.1,1
7,3,2635.49,52,18,4
4,0,2881.02,107,87.9,4
5,3,1744.02,88,72.9,2
3,0,323.69,20,81,3
3,2,3324.09,191,8.8,1
1,0,657.23,33,48.9,1
1,0,352.7,12,52.2,1
4,0,781.28,98,23.9,4
3,0,1333.68,61,9,3
5,1,946.36,32,18,4
1,0,193.75,10,117,1
9,2,2981.5,119,8.2,7
2,0,254.1,8,119.2,2
2,0,239.76,19,3.9,2
1,0,136.8,2,251.9,1
1,0,191.04,12,27.9,1
14,1,6423.6,42,0.1,13
2,0,409.98,22,266.2,2
8,4,2644.46,140,32.9,4
1,0,309.65,18,17.2,1
2,1,664.03,85,171.9,1
4,0,1542.14,193,1.9,4
1,0,211.5,5,264.1,1
4,0,2293.62,79,140,4
1,0,143.1,6,200.9,1
4,3,1001.81,50,59.1,1
4,0,945.58,126,34.9,4
7,4,3329.72,124,40.1,3
1,0,133.25,6,283.1,1
5,0,1072.36,41,8.9,5
2,1,346.75,18,143,1
2,0,330.88,34,11.1,2
4,0,1118.81,101,145.1,4
1,0,150.3,7,234,1
13,1,5043.96,299,32,12
1,0,598.73,128,23.9,1
1,0,507.08,80,11,1
5,1,2181.21,45,35,4
1,0,203.1,37,364.1,1
2,1,212.3,11,201,1
1,0,415.25,32,14.9,1
7,0,5178.96,213,16,7
0,1,-134.8,0,49,-1
1,1,62,5,197.9,0
3,1,1108.38,68,65.1,2
2,0,294.12,13,212,2
1,0,162.3,10,282.2,1
2,0,1339.45,25,114.1,2
8,4,1121.21,60,14.1,4
16,3,4788.77,46,18.2,13
1,0,449.12,8,66,1
1,0,154.88,9,49,1
4,0,784.46,59,15.8,4
1,0,34.8,3,77.2,1
4,2,1071.24,57,8.1,2
1,1,182.96,28,133.9,0
3,0,974.04,52,12,3
1,0,149.31,19,40,1
3,1,21535.9,5,235,2
8,1,2451.23,214,2,7
7,1,2628.93,236,39.1,6
1,0,79.2,1,304,1
3,1,455.67,24,50.1,2
6,2,2318.88,127,0.7,4
4,0,532.96,160,61,4
2,0,714.42,43,65.1,2
1,0,205.25,9,24.1,1
3,0,253.04,5,217.9,3
2,0,583.75,37,64.9,2
2,1,1048.67,58,31.1,1
6,4,3245.47,150,80.9,2
1,0,315.06,11,63.9,1
3,1,581.83,23,115.1,2
26,3,51823.72,26,7,23
1,0,635.68,10,5,1
1,0,270.8,25,68.1,1
1,0,104.9,7,245,1
1,0,241.62,18,133,1
4,1,1021.61,18,240.9,3
3,0,475.28,26,183.1,3
3,1,333.56,20,24.9,2
3,1,2593.94,34,9.1,2
1,0,246.3,14,10.1,1
5,3,2303.75,58,29,2
3,2,4834.2,257,43.1,1
3,0,948.05,156,25.9,3
1,0,351.3,25,357.9,1
1,0,220.85,34,9.9,1
2,1,1604.44,66,43.1,1
3,1,948.96,6,8.9,2
1,0,610.01,42,149.1,1
8,2,2666.61,70,0.7,6
4,0,2207.4,8,112.9,4
3,0,884.14,94,75,3
2,0,699.08,116,107,2
3,1,1042.19,61,46,2
1,2,-451.42,1,142.1,-1
1,0,415.82,8,51,1
13,6,3848.55,170,0,7
17,3,5452.17,220,22.8,14
3,0,784.58,24,46,3
3,0,903.9,48,50,3
4,1,3724.77,142,305.9,3
5,1,399.21,31,35,4
4,3,1145.43,66,78.2,1
6,3,2171.32,117,16.9,3
5,0,1801.14,36,107,5
2,0,1303.91,40,207.2,2
4,2,1842.73,63,2.9,2
5,0,2100.6,33,63,5
4,0,1905.45,96,49,4
1,0,206.98,17,319,1
2,0,570.96,57,43.9,2
2,0,885.47,28,2.9,2
1,1,-840.76,1,337,0
1,0,532.94,20,172,1
3,1,1649.36,64,51,2
14,6,1641.48,72,72.9,8
2,0,636.14,44,98.9,2
1,1,547.7,39,29,0
3,1,747.76,63,58,2
1,0,836.79,54,253.9,1
4,2,2084.9,242,70,2
4,0,954.09,47,43.9,4
1,1,117.47,10,44.9,0
1,0,391.98,24,64.2,1
19,2,33350.76,54,11,17
3,2,1020.74,56,25,1
2,1,345.66,26,58.2,1
4,2,1209.1,36,63.8,2
1,0,118.95,8,303.1,1
1,0,130.74,11,45.9,1
8,2,3650.87,97,17.1,6
2,0,389.27,22,37.9,2
2,0,238.85,87,18.9,2
2,0,160.71,22,186.1,2
1,0,110.8,29,51.1,1
12,0,2974.65,105,4,12
5,0,712.24,59,136.1,5
27,4,16173.67,295,3.8,23
1,0,297,14,18,1
5,0,1438.85,145,15,5
8,0,977.21,105,40.1,8
8,1,3000.36,339,11.9,7
4,0,832.88,142,8,4
2,0,68.84,18,25,2
6,2,1769.78,16,22,4
3,0,895.13,37,40,3
1,0,230.53,43,101,1
15,1,3797.79,302,5,14
2,0,149.64,13,276.8,2
1,0,354.09,68,32.1,1
2,0,360.93,101,14,2
7,2,4330.67,110,63,5
2,1,440.78,122,1,1
1,1,313.28,95,369,0
5,3,438.24,26,311.8,2
4,1,495.36,23,198.1,3
2,0,396.48,42,1.8,2
3,0,379.35,18,92.1,3
1,0,181.09,12,60,1
1,1,141.27,11,79.2,0
2,0,446.87,79,156.1,2
1,0,524.52,60,226.1,1
2,0,263.55,35,253,2
1,0,179.17,11,149.1,1
2,0,222.05,17,194,2
5,1,1384.68,70,0.9,4
1,0,56.25,4,368.1,1
1,0,351.11,44,23,1
3,0,363.88,102,16,3
7,1,5126.34,46,9.2,6
1,0,164.68,30,7.9,1
7,1,1521.79,113,19,6
3,0,967.45,175,3,3
1,0,191.94,7,173.1,1
8,0,1232.18,215,0.1,8
2,0,264.62,19,178,2
8,2,1491.24,124,16,6
1,0,123.1,12,247.1,1
2,0,334.23,33,190.1,2
2,0,639.89,103,19.1,2
4,0,167.5,53,153.9,4
1,0,336.03,24,172.1,1
1,1,363.6,11,372,0
1,0,127.08,21,372,1
1,0,207.15,12,193.9,1
1,0,426.63,21,67,1
8,3,2461.85,93,3.8,5
3,0,1107.46,63,21,3
2,0,416.86,12,239,2
1,0,145.35,7,63.9,1
5,0,404.58,13,112,5
15,1,6102.26,28,89.1,14
1,1,31.8,1,310.9,0
1,0,337.44,14,133.2,1
1,0,325.1,6,276.1,1
1,0,181,2,365,1
1,0,1708.24,29,82.1,1
2,0,955.24,51,7.9,2
2,0,364.72,12,16.2,2
4,1,1705.26,86,1.1,3
2,1,669.57,36,0.7,1
4,0,806.57,65,33.1,4
8,2,1634.53,63,14.9,6
14,2,4389.81,137,23.9,12
1,0,428.89,40,31,1
1,0,104.35,7,74,1
2,0,470.76,26,19.1,2
4,0,845.64,88,16.8,4
2,0,418.83,73,22.9,2
3,1,582.9,20,2.1,2
1,0,314.1,11,303,1
12,0,4199.85,10,17,12
1,2,99.77,4,235.2,-1
7,1,3429.55,141,39,6
1,0,371.01,24,84,1
2,0,430.94,83,165,2
2,0,1054.73,48,17,2
1,0,1098.78,49,76.9,1
3,0,2398.86,40,88.2,3
8,0,3408.48,53,24.2,8
4,0,1475.02,82,21.8,4
10,1,2816.97,217,2,9
2,1,1037.42,29,122.9,1
1,0,168.12,14,29.9,1
7,0,1451.28,110,11.9,7
1,0,158.03,26,19,1
2,0,792.11,52,43.9,2
1,0,41.99,3,3.1,1
7,3,2756.82,335,8.1,4
1,0,427.07,31,54.1,1
6,1,1044.78,103,87.9,5
5,1,3084.17,370,36,4
3,0,12393.7,9,2,3
5,0,2735.37,82,29.1,5
4,0,615.39,173,12,4
1,0,101.4,8,211,1
4,0,1701.94,221,47.1,4
3,0,478.78,29,23.1,3
4,0,992.71,68,21.8,4
3,0,407.5,62,245.1,3
16,0,3362.71,99,7.8,16
3,0,1415.29,87,35,3
47,7,33366.25,30,3.1,40
3,1,653.13,123,35.1,2
3,1,690.54,146,3.1,2
8,2,1483.31,156,2.9,6
1,0,211.88,26,47,1
2,0,408.9,26,38.9,2
9,1,3450.24,133,1.1,8
3,0,851.01,42,16.1,3
1,0,628.28,68,260,1
3,0,719.81,90,45.9,3
1,0,251.24,61,12,1
1,0,439.66,28,29,1
1,0,236.09,30,43,1
6,1,852.12,11,91.1,5
63,13,50992.61,44,38.1,50
1,0,331.24,28,309.1,1
2,0,548.94,91,92,2
20,7,8727.61,538,5,13
3,0,437.7,18,195.9,3
2,0,758.92,55,87,2
3,0,855.02,37,269.2,3
3,1,454.33,24,7,2
3,0,1313.55,57,65,3
3,0,3166.4,6,30,3
5,2,1147.37,68,21.8,3
4,0,773.99,30,37,4
4,0,1340.7,71,119,4
2,1,243.69,8,85.2,1
3,0,1111.79,248,40,3
1,0,137.9,10,173.1,1
1,0,362.06,34,53.9,1
2,0,1511.95,81,32.1,2
1,0,783.9,70,145,1
1,0,134.8,8,220.2,1
1,0,664.85,66,44.9,1
7,3,2140.22,109,3.8,4
6,0,1459.86,126,65.2,6
0,1,-29.95,0,268.9,-1
4,0,1153.62,50,9,4
1,0,335.32,23,259.9,1
1,0,372.09,71,365,1
5,0,1521.87,77,16,5
2,0,852.15,32,21.9,2
1,0,326.24,21,44.1,1
1,0,584.32,23,287.9,1
1,1,94.35,1,291,0
10,1,2173.53,71,2.9,9
1,0,79.2,1,283.1,1
3,0,1352,18,16,3
2,1,176.6,10,81.1,1
5,0,2806.9,175,56,5
2,0,1317.62,31,100.1,2
1,0,436.18,38,298.9,1
5,0,981.51,123,23,5
5,1,1119.31,24,59,4
2,0,315.06,16,154.2,2
3,2,779.36,37,98.1,1
1,0,17,1,106.1,1
4,2,1041.83,48,11,2
1,0,320.62,12,264,1
1,0,185.05,10,240,1
7,0,2005.63,34,87.2,7
3,0,731.9,29,50,3
1,2,1245.96,76,8.8,-1
3,0,1842.14,41,42,3
6,0,1429.64,30,6.9,6
1,0,302.36,28,61.1,1
1,0,336.96,13,248.2,1
1,0,108.38,6,65.1,1
7,0,3204.16,16,17.1,7
1,1,816.1,48,84.1,0
2,0,611.88,18,218.2,2
3,0,1337.48,283,45,3
4,0,195.74,15,143,4
1,0,161.38,30,182.9,1
1,0,135.75,8,170.2,1
8,0,1667.97,169,9.1,8
1,1,592.88,34,205.2,0
1,0,232.21,30,189.1,1
2,0,423.36,14,7.9,2
4,1,1294.14,26,59,3
2,0,867.11,170,57,2
4,0,684.42,26,72.9,4
1,0,307.78,16,51.2,1
1,1,187.15,11,315.9,0
1,0,289.35,13,366.9,1
4,0,6287.77,57,28.9,4
1,0,656.25,40,39,1
5,0,1880.22,76,17.1,5
6,0,3506.54,55,51.1,6
33,13,14305.66,220,3.1,20
2,1,603.69,34,21.1,1
1,0,517.55,21,262,1
3,0,709.38,35,59.2,3
0,1,-7.95,0,367.9,-1
3,0,635.41,25,18.2,3
2,2,703.77,32,52.1,0
1,0,620.4,30,88,1
1,0,535.34,37,249.1,1
6,1,2419.84,75,2.9,5
1,0,175.2,1,246.2,1
11,7,3741.98,134,8.1,4
3,0,734.13,26,157,3
1,0,375,22,133.2,1
1,0,76.32,1,296,1
2,0,280.52,18,4.1,2
5,5,1906.07,91,38.1,0
1,0,1829.04,29,268.1,1
5,0,1824.23,78,49.1,5
9,4,3024.62,108,8,5
3,1,644.24,12,15,2
1,0,348.2,14,281,1
2,2,1009.45,20,63.8,0
19,7,5352.97,286,1,12
1,0,37.4,2,251.9,1
2,1,441.6,5,224.8,1
3,1,802.53,27,16.9,2
27,1,3770.6,57,10,26
4,0,1822.97,71,7.9,4
6,1,1880.42,106,50.2,5
1,0,73.2,3,59,1
5,0,1140.21,52,95,5
6,1,1406.57,70,15.1,5
3,0,1009.55,19,126,3
4,0,1037.59,45,94,4
1,0,331.95,15,50,1
1,0,197.9,8,137.9,1
1,0,215.83,11,60.2,1
8,2,10217.48,90,99.9,6
1,0,305.54,11,73,1
4,0,6617.65,17,72,4
1,0,338.71,15,67,1
6,1,1155.54,26,63.8,5
2,0,529.41,31,16.1,2
12,1,3991.94,87,22,11
15,2,6841.24,160,31.1,13
4,0,981.86,65,44.1,4
2,0,215.48,9,15,2
1,0,215.08,6,39.9,1
13,12,4913.32,65,2.1,1
1,0,314.45,19,236.1,1
1,0,400.681,15,75,1
2,0,1080.62,149,3.9,2
4,1,1821.52,74,2.9,3
1,0,365.27,18,360.1,1
4,1,589.15,27,58.1,3
1,0,405.71,45,23,1
4,0,761.38,73,30.1,4
4,0,537.06,52,54.1,4
1,0,394.38,19,25,1
2,0,664.26,61,44.1,2
5,0,2262.62,37,88.1,5
18,0,21086.3,74,1,18
1,1,542.77,23,80.9,0
2,1,681.19,40,19,1
1,0,159,6,78.2,1
3,0,1062.75,36,170.1,3
1,0,242.35,14,80.1,1
1,0,914.93,37,266.9,1
2,2,259.39,13,235,0
7,1,3054.87,56,29.1,6
3,0,864.86,90,36,3
1,0,846.72,120,318,1
4,0,1295.3,90,56.8,4
5,0,1096.32,109,44.2,5
3,0,255.12,6,203,3
1,1,308.32,6,218.9,0
2,0,1010.6,46,86.9,2
2,0,542.03,32,189.2,2
4,1,983.23,24,32.1,3
3,2,422.13,22,70.8,1
5,1,858.41,42,40.1,4
1,0,432.2,20,78,1
2,1,372.9,18,56.2,1
2,3,3693.81,126,7.9,-1
13,0,2607.87,347,9.1,13
7,1,3598.26,184,7.9,6
2,0,409.1,49,33,2
2,0,1522.75,88,211.1,2
3,2,1352.36,80,23.1,1
1,0,114.56,16,170,1
1,0,152.94,7,61.1,1
5,0,1800.07,67,52.2,5
2,0,389.44,22,260.9,2
0,1,-295.09,0,365.9,-1
2,1,3665.62,114,31.1,1
8,2,2609.3,146,16,6
1,1,732.63,13,257.1,0
1,0,46.95,2,176.2,1
5,0,5203.51,111,45,5
1,0,1035.45,18,50.2,1
4,0,746.83,98,16.8,4
0,1,-31.65,0,360,-1
9,2,5423.15,164,8.8,7
7,0,861.89,44,73.1,7
2,0,667.65,45,70.8,2
1,0,1141.24,54,352.9,1
5,1,1423.29,89,2,4
1,0,411.7,25,116.1,1
1,0,357.95,64,372.9,1
1,0,559.87,33,196,1
1,0,810.6,6,176.2,1
1,2,537.83,23,22.9,-1
3,1,1496.68,102,20.9,2
1,0,2062.06,17,72,1
1,0,168.3,11,339,1
5,2,1531.51,117,5,3
2,0,823.97,87,30.9,2
1,0,142.5,8,169.2,1
1,1,280.9,17,117,0
10,2,2236.74,102,8.2,8
4,0,1328.55,70,9.2,4
1,3,275.4,20,212.1,-2
3,0,598.2,22,22,3
1,1,212.82,11,107.2,0
3,1,5305.83,119,25.1,2
1,0,361.22,22,138.1,1
6,3,602.27,36,213.1,3
4,0,2560,1,37.1,4
2,1,686.67,39,91.1,1
2,0,616.26,35,17.2,2
2,0,274.15,16,3,2
1,0,226.37,14,330,1
8,4,2755.56,120,64,4
3,0,1341.65,64,119,3
1,0,328.15,19,35,1
1,0,404.4,3,217.1,1
2,0,1038.46,56,171.9,2
5,2,230.7,7,72,3
2,0,326.75,28,0.9,2
1,0,207.5,1,196,1
3,0,428.68,100,128,3
3,2,510.54,14,43.9,1
14,1,3085.96,158,5.1,13
6,0,3844.22,142,14,6
3,1,242.21,39,17,2
7,1,1583.2,125,27.9,6
22,0,26626.8,9,7,22
1,0,151.05,10,36.1,1
1,0,214.8,11,157,1
1,0,109.95,17,284,1
1,0,549.07,124,107,1
4,2,1959.38,60,24.2,2
4,0,322.41,10,75,4
2,0,370.48,29,15.8,2
1,0,101.1,1,157.9,1
1,0,575.41,35,43.9,1
2,0,887.65,61,11,2
7,0,1469.45,157,31.9,7
1,0,53.5,9,290,1
4,1,1100.47,40,20.9,3
1,0,153.9,8,332.1,1
2,0,494.44,28,17.1,2
23,0,6675.71,51,3,23
2,0,395.8,38,63,2
3,1,210.32,20,197.1,2
3,0,658.88,31,32.9,3
4,1,2024.95,82,0.9,3
9,3,1460.37,39,6.8,6
6,2,3411.69,365,4,4
4,0,896.66,87,9,4
5,4,652.07,58,32,1
1,0,109.36,5,53,1
2,0,707.04,48,11.1,2
9,0,1540.42,45,17.1,9
1,0,327.3,18,18.2,1
2,0,804.49,123,37,2
2,0,497.43,58,2,2
3,0,1553.66,91,17.9,3
4,0,1320.56,143,81.9,4
2,0,367.93,86,33,2
2,0,473.03,101,65.9,2
2,1,977.52,104,8,1
1,0,676.2,5,266.9,1
3,0,362.95,22,246.9,3
4,1,2131.9,87,3.9,3
1,0,1780.59,28,60.9,1
2,0,668.36,80,74,2
2,0,584.5,33,89.1,2
3,0,555.89,52,60,3
2,0,317.2,76,28,2
1,0,94.36,4,322.1,1
4,1,1362.27,33,53,3
1,0,221.19,41,269,1
13,7,2941.05,120,2,6
5,4,1412.06,61,49.8,1
5,0,1486.9,150,60,5
2,2,1631.15,75,144.2,0
2,0,408.57,68,18.9,2
1,0,303.93,28,94.1,1
12,8,4061.24,66,0.8,4
2,0,299.6,55,264,2
1,1,161.05,10,301.8,0
1,0,443.05,23,70,1
2,0,167.25,3,301.9,2
1,0,163.07,55,18,1
10,0,2126.93,99,12.1,10
5,0,2028.88,145,35.8,5
2,0,214.65,41,19,2
1,0,151.83,25,53.1,1
1,0,262.2,30,56.1,1
2,0,126.25,5,21.1,2
1,0,210.35,45,44,1
3,1,1026.99,59,26,2
3,0,675.27,76,44,3
6,1,959.48,36,112.1,5
51,24,33805.69,68,17,27
1,0,346.12,18,24.1,1
1,1,82.56,5,191,0
1,0,302.7,21,301.9,1
10,0,1908.25,211,2,10
2,0,241.06,8,262.8,2
0,1,-2.95,0,80.9,-1
1,0,284.55,2,106,1
1,0,300.85,6,57,1
3,0,642.81,51,213,3
1,0,287.4,8,64,1
1,0,184.26,17,27.9,1
7,0,1522.25,88,28.9,7
5,0,798.35,74,5.1,5
5,0,3640.67,186,7,5
2,0,381.2,22,66.8,2
3,0,616.79,161,1,3
4,1,638.77,68,46,3
1,0,230.51,62,33,1
2,1,2.90000000000001,3,0.1,1
1,0,259.01,34,135,1
1,0,188.89,19,197.9,1
2,1,674.69,40,190.1,1
1,0,311.92,11,149.1,1
1,0,266.97,14,87.2,1
2,1,-8.15,2,44.1,1
7,0,1841.18,69,63.1,7
5,0,2158.37,80,99,5
1,0,208.36,9,218,1
18,0,3482.74,52,2.1,18
3,0,814.72,128,28,3
1,0,151.42,31,177.1,1
3,1,102,1,63.8,2
4,3,1383.7,74,21,1
3,0,1314.68,152,19,3
7,0,1603.46,103,33.1,7
1,0,74.9,2,74,1
4,0,650.43,148,23,4
4,1,757.44,120,51.1,3
1,0,223.95,13,274.1,1
3,1,314.86,18,164.2,2
7,4,1811.47,237,7,3
4,0,544.3,23,88,4
7,0,2494.46,111,63.2,7
3,0,331,15,24.9,3
2,0,300.83,35,10,2
1,0,769.29,51,75.1,1
1,0,220.62,18,15,1
1,0,139.35,19,192,1
2,1,379.4,25,173.1,1
1,0,363.65,41,76.9,1
3,1,492.2,28,33,2
1,0,731.5,39,46.1,1
4,2,1329.66,40,72.1,2
1,0,826.53,47,296,1
3,0,684.41,78,3,3
3,1,1562.22,92,8.1,2
6,0,2965.69,128,49.1,6
2,1,86.12,15,160.9,1
2,3,319.1,18,359.9,-1
6,0,400.86,8,4,6
4,1,1421.43,71,106.1,3
1,0,484.38,76,24.9,1
1,0,777.6,4,31,1
2,0,90.3,3,19,2
1,0,363.7,13,296.1,1
1,0,248.1,13,372,1
3,0,950.26,135,21.1,3
4,0,874.59,33,4.1,4
5,0,1627.13,89,52,5
1,0,101.7,6,29.9,1
1,0,162.7,17,277,1
2,1,480.92,36,60.9,1
2,0,215.08,13,24.9,2
3,1,1036.62,129,186,2
21,7,9295.67,151,1.2,14
26,3,11895.57,75,1.9,23
1,0,290.36,15,171.1,1
1,0,228.06,14,80.9,1
1,0,244.41,17,3,1
1,0,455.25,30,189.9,1
7,0,1244.59,68,21.8,7
3,0,6748.8,2,17.1,3
3,2,1026.94,112,19,1
1,0,593.75,31,4.9,1
1,1,539.02,49,107,0
4,0,1388.81,36,2.2,4
1,0,119.62,5,53.1,1
1,0,339.3,3,164.1,1
2,1,-95.93,25,290.1,1
10,0,4154.64,445,9.9,10
5,4,2266.25,162,108.1,1
3,0,922.12,26,95.2,3
2,0,379.73,17,242.2,2
12,2,5664.57,62,162.9,10
3,4,641.55,51,2.9,-1
2,0,285.89,15,34.9,2
7,0,3313.79,144,66.1,7
2,0,281.85,11,23.9,2
20,4,8257.04,264,0.1,16
2,1,816.51,53,20.8,1
2,0,511.12,29,5,2
1,0,1077.74,19,53.1,1
1,0,173.7,3,363.9,1
5,1,614.01,14,14.8,4
2,0,865.6,34,194,2
1,0,124.2,5,2.9,1
10,5,3622.95,68,8.2,5
3,2,1285.22,73,2.9,1
3,1,999.7,40,126.9,2
2,2,648.41,40,73.1,0
1,0,451.44,28,71,1
0,1,-30.6,0,364.9,-1
1,1,70.44,9,154.9,0
1,0,313.62,6,112.9,1
1,0,233.45,14,373,1
2,1,908.03,25,80,1
1,0,463.95,8,248.2,1
1,0,225.15,13,231.9,1
3,0,459.24,31,71,3
1,0,213.5,10,68.1,1
16,3,4073.28,142,4,13
3,0,330.03,24,50,3
1,0,181.09,53,75,1
1,0,360.16,83,61,1
2,0,250.15,12,15.1,2
1,0,90.04,7,3.9,1
1,1,140.7,10,277,0
6,0,813.52,50,3.9,6
1,0,244.8,29,40.1,1
1,1,494.73,29,30.9,0
2,0,482.47,34,74.2,2
14,2,3038.67,140,17.1,12
7,2,5450.96,155,15,5
1,0,75.66,6,219,1
1,1,120.99,9,185.9,0
4,0,1187.66,48,32.2,4
1,0,618.59,30,69.9,1
1,0,506.19,26,182.1,1
2,0,500.42,31,14.8,2
1,0,151.85,5,235.1,1
5,1,2630.64,79,31,4
1,1,204.41,14,253.1,0
2,0,178.96,9,3,2
4,0,813.48,22,51.1,4
1,0,129.45,5,245.2,1
2,0,810.57,44,80,2
1,0,333.08,23,274,1
17,3,4379.65,86,0,14
1,0,322.8,20,79,1
5,1,2183.04,79,29,4
2,0,417.73,58,73.1,2
6,1,2878.15,115,17,5
2,0,217.9,9,222.1,2
4,1,1124.59,66,32,3
10,1,1676.47,92,22.1,9
3,1,1169.38,48,25,2
1,0,231.1,12,105,1
2,1,679.83,32,4.1,1
1,0,487.51,27,245.2,1
2,0,833.78,62,177,2
2,0,214.06,12,169.1,2
1,1,270.86,19,38.1,0
1,0,518.42,24,71.2,1
7,4,6654.26,74,53.1,3
2,1,1166.92,67,15.9,1
4,1,594.97,29,140.9,3
6,0,3794.52,208,17.1,6
15,6,8568.24,14,21.9,9
4,0,933.62,158,9,4
1,0,123.24,8,368,1
1,0,39.12,2,188.9,1
4,1,810.45,16,15.9,3
1,0,135.4,9,361.9,1
1,0,118.98,32,19,1
2,0,570.13,52,67.9,2
6,0,306.72,9,14.8,6
3,1,1370.87,141,23,2
11,6,4022.46,179,16.1,5
3,0,1692.27,3,28,3
20,3,8093.59,22,1.8,17
2,0,319.61,89,54.1,2
4,1,1558.72,75,33,3
12,5,3013.83,92,2,7
1,0,129.75,3,366,1
1,0,183.7,10,42.8,1
6,0,1770.34,18,72.1,6
5,0,1028,15,4,5
28,3,65892.08,119,3.9,25
2,0,324.24,60,61,2
7,2,3043.48,406,47,5
4,0,1260.86,52,0.9,4
2,1,303.26,12,75.1,1
2,1,208.63,10,43.1,1
2,0,1276,2,256,2
2,0,482.01,58,68.1,2
4,0,657.9,7,135,4
1,0,112.75,20,240.9,1
2,0,1998,4,226.1,2
13,4,5040,159,8.1,9
13,5,5150.27,99,8.1,8
20,9,13946.13,133,0,11
3,0,531.35,108,37,3
1,0,656.63,27,45.1,1
5,0,3029.87,64,84.1,5
10,0,2483.04,268,18.9,10
5,0,1651.03,18,2.8,5
11,0,3645.43,259,9,11
15,6,6840.23,338,18,9
3,1,911.53,77,218.1,2
1,0,301.72,19,77.8,1
2,1,319.8,1,266.1,1
6,3,3278.36,176,8.8,3
1,0,623.75,41,369,1
7,1,1773.92,107,14.1,6
1,0,155.24,25,25.9,1
1,0,292.47,37,261.9,1
13,3,4711.21,96,17,10
2,0,589.15,37,91,2
7,1,775.07,110,301.8,6
5,0,1382.02,121,25.9,5
1,0,272.82,41,364,1
4,0,1054.67,218,46,4
21,5,7076.28,234,35.7,16
3,1,702.79,75,52,2
1,0,603.75,28,31.1,1
3,0,650.51,44,52,3
5,2,2269.21,88,78.1,3
1,0,417.6,1,53,1
1,0,3.75,1,297.1,1
1,1,312.55,13,171.9,0
1,1,0,1,46.1,0
7,1,2191.84,89,29,6
7,0,1304.76,198,11,7
17,1,7170.7,148,86.1,16
18,1,6694.31,234,4,17
2,2,826.96,34,25,0
5,0,1515.9,42,17.1,5
5,0,623.93,74,44,5
1,0,1764.72,24,30.1,1
1,0,207.5,9,372,1
1,0,223.92,34,58,1
1,0,2002.4,2,371.8,1
3,2,1484.63,133,114,1
1,0,239.4,13,214.2,1
1,0,106.83,7,318,1
1,0,369.34,22,65,1
3,1,772.84,40,7,2
1,0,316.62,13,96.1,1
3,0,1501.38,51,19,3
1,1,594.9,23,185,0
13,5,2758.25,209,3,8
1,0,34,1,293.9,1
2,0,1145.6,17,272.9,2
11,0,5580.6,148,30.1,11
3,2,458.04,47,47.1,1
1,0,380.39,33,260,1
5,1,744.9,116,57.1,4
5,0,2246.81,200,33,5
1,0,171.59,23,57,1
4,1,654.92,36,67,3
11,0,1695.66,84,9.9,11
1,0,388.28,61,60,1
2,0,226.35,45,80,2
2,0,245.94,16,74,2
22,6,10454.05,161,1.9,16
2,0,425.19,51,99.9,2
1,1,294.65,17,364.9,0
13,6,2242.25,103,10,7
1,0,107.6,3,19,1
2,0,597.48,138,123,2
1,0,80.8,5,7.9,1
6,2,1520.12,88,3,4
7,1,1706.28,218,28.7,6
2,0,110.38,11,281.9,2
1,0,243.84,16,56.9,1
10,2,1201.51,142,0.8,8
1,0,414.88,64,364.9,1
1,0,305.62,18,89,1
1,0,1201.49,148,10.9,1
4,1,867.83,72,162.9,3
1,0,332.3,24,65,1
3,0,536.99,59,22.8,3
2,0,460.59,94,173.1,2
4,0,801.49,68,102.9,4
3,0,1121.59,57,142.1,3
2,0,288.42,21,98.8,2
5,1,912.74,79,22.9,4
1,1,275.64,15,191.9,0
2,0,547.07,26,4,2
1,0,479.35,15,360,1
10,0,1692.98,248,7.9,10
21,1,6500.6,122,14,20
4,0,417.06,28,103,4
9,4,1446.95,73,2.1,5
11,2,3317.97,172,10.1,9
1,0,497.61,26,95.1,1
1,0,358.38,34,227,1
2,0,460.64,23,15,2
2,0,775.18,27,38,2
1,0,341.7,22,51,1
2,0,128.5,8,92.9,2
1,0,197.22,11,156.1,1
1,0,325.91,23,38.1,1
3,0,199.15,11,183.9,3
4,0,1106.53,46,0.9,4
1,0,413.46,24,227.2,1
2,0,180.85,10,128,2
2,0,251.87,11,39.1,2
11,1,3167.73,123,30.9,10
2,1,582.9,24,197,1
34,5,15357.78,114,8.2,29
6,1,1774.62,101,36,5
3,1,1260.44,45,63.8,2
16,1,10183.82,226,42.2,15
1,0,214.32,11,50,1
1,0,193.44,12,43,1
1,0,281.42,14,52.2,1
1,0,124.57,8,186.2,1
1,0,332.41,19,333.1,1
3,0,342.45,17,4,3
2,0,144.91,9,10,2
2,0,328.4,19,23,2
1,0,35.4,2,14.2,1
1,1,345.89,9,365.9,0
2,3,473.14,50,106,-1
2,1,151.65,6,59.2,1
2,2,481.35,25,28.9,0
3,0,207.74,10,140.2,3
4,1,805.62,113,22,3
6,1,2761.49,131,21.7,5
3,0,680.02,5,76.9,3
6,4,7066.31,179,4,2
5,4,2023.47,93,63.8,1
6,0,853.72,111,12,6
1,1,0,3,24.2,0
7,0,1519.08,121,30.1,7
1,0,432,1,66.1,1
3,0,705.12,39,66.1,3
2,0,276.73,33,187,2
2,0,429.84,26,37,2
3,0,471.51,82,15,3
1,0,194.88,35,34.9,1
3,0,1578.67,112,194.1,3
5,0,809.7,166,1.1,5
5,2,496.84,87,1,3
1,0,145.93,44,366,1
1,0,219.14,57,64.1,1
2,1,213.03,37,298.9,1
3,1,444.46,150,25.9,2
6,0,1281.56,80,7,6
3,2,187.69,78,11.1,1
1,0,1706.88,43,116,1
1,0,373.24,50,28.9,1
16,0,3754.27,387,4,16
7,1,3085.48,117,5,6
4,0,579.77,74,81.1,4
5,0,981.65,89,28.8,5
1,1,364.14,18,63.8,0
8,0,1510.06,318,4,8
11,3,2528.67,88,22.9,8
1,0,113.44,8,290,1
1,0,208.46,25,35.9,1
6,0,621.68,46,8.8,6
2,0,576.26,129,23,2
1,0,391.52,9,276,1
6,1,1043.34,97,49,5
11,0,2596.45,141,156,11
1,0,169.79,50,60.9,1
19,7,6666.83,313,12,12
3,1,739.5,69,21,2
1,0,230.25,14,371,1
3,0,543.05,5,115.1,3
17,2,2781.5,69,79.9,15
7,0,1295.39,51,3.2,7
3,0,380.55,47,25.9,3
21,0,4604.22,448,5,21
1,0,161.94,44,53,1
2,3,530.08,42,1,-1
2,0,950.93,59,54,2
1,0,262.68,56,25.1,1
4,1,1903.13,212,8.1,3
3,0,3049.88,226,52,3
9,1,1894.11,159,12,8
3,0,816.73,23,211.1,3
19,0,4345.5,137,21,19
1,0,406.48,21,235.2,1
3,0,435.02,15,138,3
6,1,1161.27,57,3.1,5
3,0,1178.56,39,56.2,3
3,1,1262.75,73,123,2
2,0,167.61,16,109,2
1,0,20.8,1,29.9,1
9,0,2085.08,40,0.1,9
4,1,493.67,18,184.1,3
1,1,292.34,16,8.9,0
2,0,416.64,15,239,2
1,0,117.35,7,86.9,1
3,0,507.05,92,38.1,3
1,0,234.17,14,116,1
1,0,110.55,7,187,1
1,0,201.19,26,226.1,1
7,3,2148.47,8,8,4
1,0,319.02,21,189,1
2,0,439.43,31,3.9,2
3,0,650.41,42,39,3
1,1,232.21,40,2.1,0
1,0,251.52,2,266.8,1
1,0,344.33,39,77,1
6,2,1809.05,64,3,4
2,0,1078.96,71,254.9,2
1,0,384.06,22,60.1,1
7,1,1920.2,112,12,6
2,3,4392.42,354,77.8,-1
10,1,5461.62,62,17,9
2,0,1873.2,3,29,2
7,0,1625.05,74,2.8,7
1,0,126.12,7,4.9,1
6,0,1133.25,7,6.8,6
1,0,179,1,218.2,1
5,1,1601.86,84,10,4
0,1,-1.25,0,371.8,-1
6,3,1427.46,13,29.8,3
3,0,702,7,287.8,3
4,2,287.02,1,149.2,2
2,0,484.82,21,23,2
11,0,3989.57,75,0.1,11
3,1,1487.78,41,72.9,2
2,0,1412.94,38,46,2
4,0,781.78,37,4,4
6,1,877.43,50,50.1,5
1,1,185.46,11,16.1,0
1,0,270.9,15,30,1
3,1,565.58,63,7.9,2
3,0,1842.56,182,28.1,3
20,7,8574.11,88,2.1,13
2,0,920.1,15,40,2
4,0,1272.61,166,11,4
1,0,71,7,30.8,1
3,0,95.85,2,45,3
3,0,357.77,8,60.2,3
2,0,154.83,4,185,2
6,1,848.59,110,78.1,5
2,0,716,1,110.1,2
1,0,146.87,11,63.2,1
2,0,380.35,19,11.1,2
3,0,1030.14,24,86,3
3,1,734.57,28,15.9,2
2,1,388.33,27,245.1,1
1,1,1253.22,75,77.9,0
1,0,112.4,22,30,1
1,0,449.73,15,137.1,1
3,1,1065.77,59,26.1,2
5,0,1044.38,74,2,5
4,0,1735.18,100,31.9,4
1,2,897.43,6,8.2,-1
3,0,339.44,20,112.9,3
1,0,642.02,22,157,1
3,0,1100.9,59,85,3
3,3,864.32,41,115,0
9,2,5594.78,201,2.1,7
6,0,3228.84,169,96,6
1,0,247.14,40,194,1
1,0,413.75,72,27.9,1
1,1,496.38,13,128.1,0
5,1,1353.83,64,28,4
3,0,1179.89,51,81.2,3
5,0,3095.04,292,29,5
1,0,234.24,5,266,1
11,1,5116.13,57,73.1,10
4,1,534.47,52,313.1,3
7,4,1421.59,66,8.2,3
3,0,859.35,53,58.1,3
0,1,-112.35,0,143,-1
21,1,4531.34,116,12,20
9,4,2655.22,111,27.8,5
1,0,312.14,62,113.9,1
9,5,2385.48,102,8.2,4
4,0,1446.09,142,17,4
4,1,813.77,62,17,3
3,0,841.08,17,35.8,3
2,0,378.2,28,35.7,2
1,0,118.8,2,77.9,1
2,1,285.5,8,22,1
2,0,290.16,55,25,2
2,0,2003.85,75,32.9,2
3,0,1405.78,24,108.9,3
2,0,2949.75,146,34.9,2
5,1,1555.05,115,123,4
6,0,2050.08,76,7,6
4,0,1991.01,96,27.9,4
7,1,2041.85,45,4,6
9,1,3802.81,119,2.1,8
4,0,1777.78,99,49.7,4
1,1,270.2,14,317.8,0
3,3,1088.2,69,21.8,0
4,3,992.68,46,8.9,1
8,1,937.92,153,1.8,7
2,0,971.74,65,17.8,2
4,0,1621.73,28,10,4
1,0,25.5,1,261.1,1
2,0,665.78,80,158.9,2
6,1,10380.43,269,32.2,5
6,2,869.68,107,28.8,4
1,0,163.3,12,165,1
1,0,248.61,29,46.9,1
8,2,747.22,85,5,6
3,2,806.9,33,7.9,1
1,0,116.2,9,288,1
1,0,157.02,10,317,1
2,1,593.61,35,2.9,1
1,0,307.46,18,232.9,1
1,0,138.32,7,119,1
1,0,345.3,9,161.1,1
1,0,298.89,31,185,1
1,0,259.35,34,50,1
5,2,991.85,187,152,3
1,0,157.09,14,334,1
5,0,2463.17,78,5,5
7,0,4892.24,13,15,7
2,0,425,21,106.2,2
7,0,1139.73,34,15.8,7
1,0,380.5,24,275,1
12,3,10585.57,309,15.1,9
1,0,465.32,16,247,1
1,0,579,15,238.8,1
2,0,984.57,42,0.8,2
3,0,749.78,33,105,3
4,2,1679.64,68,22,2
1,0,124.88,9,51.2,1
3,1,1503.5,9,194.1,2
1,0,213.78,14,24,1
1,0,329.34,23,75,1
2,0,251.7,19,17,2
2,1,306.55,11,7.2,1
3,0,1266.97,53,31.9,3
3,1,1534.73,96,21.1,2
6,0,3518.03,111,30.9,6
10,1,1707.21,81,28.1,9
2,0,293.1,3,21.2,2
7,1,2466.4,92,32.1,6
1,0,158.68,10,283.8,1
2,1,189.49,11,38.1,1
2,2,816.88,51,49.8,0
1,0,224.91,16,288.8,1
1,1,313.26,15,74.1,0
8,1,3755.65,36,4.9,7
1,0,59.9,4,217.1,1
4,1,1430.94,42,43.9,3
1,0,306.13,15,201,1
3,0,711.79,56,177.9,3
4,2,780.38,91,55.9,2
2,0,239.92,23,57,2
6,2,3286.91,42,7.1,4
2,0,144,1,46.1,2
1,0,203.95,10,226,1
7,2,2275.58,71,11,5
2,0,384.4,52,105.8,2
2,1,249.74,19,58.1,1
7,0,2095.13,163,27.8,7
7,2,1674.46,17,35,5
2,0,262.62,26,273,2
1,0,1013.01,29,29.1,1
3,0,692.22,89,23.1,3
1,0,342.63,38,53.1,1
6,0,3563.85,116,35,6
4,5,1352.91,44,169,-1
1,0,384.08,13,53,1
1,0,204.24,7,53,1
8,1,2299.67,150,26,7
1,0,226.85,4,252.8,1
7,4,2741.08,85,39.9,3
6,1,984.12,79,60,5
1,0,113.5,9,233.9,1
10,0,1960.72,146,4,10
1,0,114.23,24,31.1,1
14,0,3198.25,303,24,14
2,0,335.13,59,7,2
1,0,354.15,27,65,1
2,0,426.79,43,309.9,2
1,0,393.49,21,308,1
6,0,939.32,28,18.1,6
8,0,1906.09,140,15.1,8
2,0,318.76,39,96,2
8,3,3466.67,51,263.9,5
10,4,3127.82,292,11.9,6
2,0,421.52,30,2,2
1,0,190.88,25,34.9,1
1,0,149.89,14,182.1,1
2,0,550.06,24,24.9,2
6,0,916.13,88,12,6
2,0,314.69,18,10.9,2
17,0,3744.65,297,2.1,17
1,1,379.95,15,312.1,0
2,0,1135.04,30,108,2
26,4,8628.55,180,1,22
1,0,954.9,31,52.9,1
1,0,171.45,9,204.1,1
1,0,282.19,53,14.9,1
1,0,318.65,68,120,1
2,0,384.52,55,3,2
1,0,283.28,37,362.1,1
2,0,353.86,86,116.2,2
1,0,178.26,18,18,1
2,0,272.44,100,4,2
2,0,298.41,69,40,2
2,0,240,12,107,2
2,0,603.37,104,148,2
5,0,1253.36,9,52,5
1,0,63.44,23,208,1
2,0,562.9,106,138.1,2
3,0,310.64,60,1.9,3
2,0,317.62,37,126.9,2
4,0,763.64,3,107.2,4
4,1,2144.53,70,41.9,3
1,0,111.98,24,35,1
2,0,1065.35,67,227,2
1,0,246.04,15,241,1
1,0,187.83,8,57.1,1
3,0,1703.41,79,130,3
6,1,1641.68,229,60,5
1,0,153.92,44,21,1
7,0,1064.11,88,26,7
7,0,1419.73,118,8.9,7
3,1,936.16,86,31,2
2,0,525.24,92,3,2
1,0,550.8,1,308,1
9,0,1875.11,93,7.9,9
3,0,556.95,53,28.1,3
1,0,131.78,49,16.9,1
2,0,498.42,30,100.9,2
4,0,669.11,50,11,4
1,0,197.63,59,21,1
5,1,1119.93,68,14.1,4
1,0,250.04,53,361,1
19,2,8600.73,13,10,17
0,1,-152.64,0,364.9,-1
1,0,82.75,11,94.9,1
2,0,1384.85,55,78,2
3,0,644.3,11,138.1,3
1,1,2288.13,24,17.1,0
8,3,2514.76,120,24.1,5
38,5,6204.46,256,0,33
3,2,2524.02,8,45.8,1
3,0,1200.62,57,100,3
2,0,700.86,94,8,2
7,2,908.99,125,14.8,5
4,0,990.23,43,17.1,4
1,0,96.8,6,280,1
2,0,523.11,29,13.9,2
2,0,363.9,5,22.2,2
1,0,175.2,1,123.1,1
1,0,494.25,28,85.2,1
2,1,306.6,11,300.8,1
4,3,1944.32,421,151,1
8,2,6612.18,389,16.9,6
2,0,243.36,9,94,2
11,5,11891.18,229,8.8,6
3,0,781.36,147,156.1,3
1,0,193.64,17,354.9,1
1,0,160.57,31,46,1
4,0,537.74,70,14.9,4
15,1,2611.58,299,3,14
1,0,228.96,1,86,1
5,0,1159.52,180,14.1,5
1,0,110.75,8,179,1
4,1,1256.19,66,7.9,3
3,0,587.15,22,35.8,3
2,0,1740,5,128.9,2
1,0,1393.06,15,50.1,1
1,0,178.22,19,311.1,1
2,0,388.14,41,23.8,2
2,0,365.85,55,302.8,2
1,0,127.86,13,10.9,1
3,0,585.79,113,17,3
3,0,488.2,26,48.9,3
2,0,312.23,30,239,2
11,1,4455.73,288,0.2,10
8,0,4801.56,278,12,8
1,0,168.4,33,238,1
8,1,1349.52,93,22.9,7
4,0,446.18,31,72.1,4
3,0,423.89,83,17,3
8,0,1342.68,215,40.1,8
4,0,646.92,47,39.9,4
2,0,495.77,24,218.2,2
3,1,372.5,63,189.8,2
2,0,203.2,23,70.1,2
20,1,3925.92,190,23.1,19
1,0,404.66,71,11,1
29,1,20272.43,40,8,28
1,0,65.4,2,65,1
1,0,199.29,49,3.8,1
2,0,336.4,12,18.9,2
1,0,261.11,42,14.1,1
6,0,2686.42,23,7.1,6
2,0,784.11,71,19.1,2
4,0,1259.56,13,77.1,4
34,9,31300.08,45,0.1,25
2,0,508.8,2,163.2,2
2,0,457.91,53,306,2
1,0,203.87,4,219,1
8,0,7330.8,24,38.9,8
2,0,696.41,88,21.9,2
3,0,653.38,30,114.2,3
5,0,2129.96,175,125.9,5
13,0,2633.85,33,4.1,13
1,0,281.62,32,35.9,1
15,3,30300.82,111,3.8,12
3,2,967.22,77,0.8,1
3,2,1928.72,99,330,1
1,0,32.65,2,163,1
2,0,771.85,13,184.1,2
5,0,1214.72,57,15.9,5
3,1,748.94,39,11.9,2
7,0,1258.06,48,2.1,7
2,0,778,5,43.1,2
1,0,507.84,14,79,1
7,2,6838.34,186,29,5
2,0,463.46,29,42,2
12,2,4200.97,155,11,10
3,0,598.83,28,50,3
6,4,1853.13,93,16,2
2,2,663.63,26,44.9,0
2,0,759.17,42,18.9,2
6,1,5022.26,179,3.9,5
1,0,100.8,2,71.1,1
28,5,17078.45,252,0.1,23
3,1,512.12,36,120.2,2
2,0,265.76,14,32.1,2
1,0,403.3,41,312.9,1
2,0,365.76,44,17.8,2
1,0,303.16,53,88,1
7,2,2333.42,100,2,5
2,0,216.3,7,1,2
1,1,378.3,17,246.9,0
3,2,177.1,3,147.1,1
6,4,2210.26,96,28.9,2
1,0,534.24,1,219.1,1
3,0,2940.04,132,147.1,3
2,0,120.9,6,176.1,2
2,0,541.53,33,39.9,2
0,1,-4287.63,0,144.1,-1
7,1,2504.86,178,1.8,6
46,9,187482.17,124,8,37
7,3,1648.95,83,0.9,4
2,0,486.72,19,17.1,2
4,0,517.53,57,192,4
1,0,131.7,8,203.1,1
1,0,249.86,17,364.9,1
5,0,1737.7,14,126,5
1,0,316.5,52,15,1
2,0,657.3,88,43,2
6,2,452.63,18,78.1,4
3,0,757.46,104,22.1,3
2,1,662.94,25,51,1
5,1,1881.36,162,16,4
1,0,289.96,9,158,1
2,0,763.28,41,10,2
2,0,137,5,9.9,2
5,1,1843.06,61,16,4
5,0,1125.07,67,44,5
3,0,710.29,142,191,3
1,0,194.37,14,79,1
1,1,506.51,29,73.1,0
4,1,1249.34,69,3,3
3,0,414.04,18,65,3
1,0,396.87,24,261,1
2,0,376.64,28,58.2,2
7,4,1926.88,63,0.2,3
10,1,3541.92,72,0.9,9
1,0,374.57,12,247.9,1
2,0,497.56,21,7,2
1,0,271.05,10,358.2,1
1,0,272.22,17,75.1,1
1,0,622.88,40,289.1,1
3,0,1138,3,16.9,3
2,0,288.6,18,220.2,2
4,0,689.1,25,9,4
2,0,558.96,36,2.1,2
9,1,2745.28,112,206,8
2,0,1145.84,48,161,2
1,1,294.29,14,70,0
2,0,605.58,79,261,2
1,0,387.31,22,280.2,1
8,3,6100.74,75,57.1,5
1,0,308.48,20,24.1,1
31,15,88125.38,453,2.1,16
10,1,2920.04,61,28,9
1,0,513.2,6,71.9,1
1,0,208.65,40,127.9,1
4,0,639.02,49,30.9,4
5,0,768.08,113,14.8,5
1,0,153.94,11,308,1
6,1,1839.07,60,16.8,5
1,0,546.81,30,53.1,1
3,1,721.96,38,24,2
5,0,1070.71,59,1,5
4,0,652.74,25,11,4
1,0,145,6,360.9,1
1,0,422.7,9,359,1
4,4,706.7,17,0.7,0
4,2,888.86,45,53.1,2
8,3,3540.1,183,1,5
10,0,2385,306,0.8,10
1,1,293.45,14,120.1,0
1,0,223.36,9,53,1
1,0,164.4,13,279.9,1
1,0,76.5,3,177,1
2,0,897.62,74,29.1,2
1,0,98.42,9,25,1
2,1,570.4,20,8.2,1
1,0,170.75,24,269,1
3,0,645.96,122,43,3
0,1,-11.8,0,371.9,-1
1,2,-141.48,5,217.2,-1
2,0,148.86,5,23.1,2
3,0,267.16,42,197,3
1,0,306.84,39,358.9,1
4,2,909.96,43,42.1,2
1,0,1487.6,2,129.2,1
5,0,1952.45,58,0.9,5
2,0,483.26,101,19,2
1,0,157.9,6,205.1,1
3,0,541.46,27,14,3
5,0,854.95,22,94.2,5
1,0,167.62,44,19,1
7,1,1107.38,48,13.9,6
3,0,454.01,38,24,3
2,0,901.21,113,7.7,2
8,2,4012.56,110,6.9,6
1,0,344.14,29,331.9,1
4,0,1498.51,247,49.9,4
4,0,226.75,7,70.8,4
3,1,362.9,24,29,2
1,0,185.65,8,242.2,1
19,3,3457.78,245,7.8,16
1,1,124.74,5,190.1,0
3,1,440.2,46,4,2
3,0,215.72,43,252,3
25,6,10736.11,229,0,19
1,0,175.27,28,236,1
2,1,1227.3,30,6.8,1
4,0,1133.07,176,109,4
3,0,1240.2,19,100,3
4,0,2404.17,172,59.9,4
3,0,1479.22,162,2,3
7,1,2215.02,81,73,6
5,1,3911.56,190,3.1,4
2,0,993.18,42,84.9,2
2,0,388.79,68,11.9,2
7,0,2827.93,168,22.9,7
1,0,2044.37,55,213.1,1
1,0,161.67,13,17.1,1
1,0,116.01,9,238.8,1
6,2,5050.77,335,2,4
1,4,-1165.3,11,49.8,-3
2,0,309.36,57,217,2
2,0,193.42,54,33,2
5,1,1103.92,199,40,4
15,4,3947.87,440,3.1,11
6,4,1992.76,116,53,2
14,3,4509.37,211,22.1,11
1,0,390.07,97,56.9,1
3,0,329.6,13,130,3
3,0,571.2,1,173.2,3
3,0,971.58,56,5,3
1,0,218.52,71,311.9,1
1,0,81.44,4,59.1,1
3,1,1336.1,24,20.8,2
1,0,527.05,33,32.1,1
2,0,843.48,49,14.1,2
4,0,2047,223,18,4
1,0,75.75,5,80.9,1
8,1,1784.12,106,5.1,7
2,0,503.6,24,169.1,2
3,0,528.33,39,1.1,3
4,2,1242.34,59,31,2
9,0,2361.97,209,36,9
1,1,265.93,20,8.2,0
2,0,547.06,35,31,2
1,0,108.5,7,275.9,1
1,0,621.66,5,86.2,1
2,0,712.29,34,119.2,2
1,0,101.55,8,372.9,1
11,6,2768.98,102,1,5
3,1,995.66,46,219,2
1,0,133.06,7,64.9,1
4,1,1789.55,81,60.2,3
1,1,861.74,52,134.1,0
1,0,166.08,8,20.9,1
10,4,3886.67,149,11.1,6
12,6,4737.13,118,25,6
4,1,1175.88,44,28.9,3
1,0,117.55,22,277,1
7,1,2571.74,66,10.1,6
5,0,1674.69,67,73,5
2,1,485.88,17,10,1
12,2,2954.75,127,3.1,10
1,0,196,37,141,1
7,2,1788.27,63,25.2,5
2,0,604.64,41,18.1,2
2,0,728.16,14,3.2,2
5,0,2055.51,85,66,5
2,0,347.75,14,1,2
7,0,3406.72,45,42.2,7
1,0,205.7,11,227.2,1
4,2,1284.08,40,15,2
2,2,3106.62,105,43.1,0
6,1,1622.22,118,1,5
2,0,551.04,19,74,2
31,10,20098.1,239,0.8,21
6,1,1383.27,49,3.9,5
30,13,16219.22,178,1.1,17
1,0,298.11,16,263,1
2,0,1992.11,29,52.3,2
1,0,184.4,11,23,1
6,1,2459.33,48,9.9,5
1,0,239.41,15,43.1,1
7,0,3191.53,88,16.1,7
7,0,5739.46,205,6.9,7
15,1,4748.45,186,29.9,14
2,0,290.4,18,357.8,2
4,1,733.44,34,127,3
1,2,187.02,16,135.9,-1
1,0,283.12,15,141.1,1
2,0,765.34,30,131.1,2
8,6,2201.05,78,38,2
1,0,338.95,19,235.9,1
1,0,154.95,8,260.1,1
4,2,2508.89,116,16,2
1,0,417.95,24,252.1,1
4,2,1719.72,58,29.9,2
3,0,798.74,47,34.9,3
2,0,885.19,27,168.2,2
9,1,1781.12,63,3,8
17,5,10097.37,270,4,12
2,0,152.4,3,184.9,2
2,0,267.08,28,187.2,2
1,0,137.45,7,169.1,1
2,0,385.1,22,10,2
1,0,522.91,29,44.1,1
1,0,153,10,320.1,1
1,0,326.4,1,200.1,1
11,1,5505.79,171,22,10
1,0,139.35,6,232,1
15,3,5367.8,111,37.1,12
4,0,1195.94,39,25.9,4
4,2,2380.64,111,95.9,2
6,0,3276.4,4,126.8,6
3,1,995.65,38,57.1,2
11,3,3371.13,115,15.8,8
1,1,1042.55,66,8.9,0
3,2,2515.68,153,3.2,1
13,2,5288.83,127,2.9,11
4,1,878.2,54,79,3
1,0,303.97,18,372.1,1
2,0,692.19,33,38.2,2
3,0,700.63,40,53.1,3
19,0,13110.02,319,1.8,19
3,1,337.49,24,8.9,2
2,0,168.24,8,8.9,2
4,1,1863.35,89,18.9,3
7,1,2786.05,29,11.2,6
2,0,355.11,13,112.9,2
6,1,2291.08,110,3,5
1,1,98.8,6,234.1,0
1,1,64.65,1,100,0
2,0,674.52,33,177.9,2
9,0,1797.57,101,4.9,9
1,0,80.64,1,358.9,1
5,1,1739.92,82,0.1,4
30,1,5585.49,275,0.9,29
8,0,3456.7,310,18.9,8
3,0,834.99,82,16.9,3
2,0,287.59,25,21.1,2
1,0,712.78,19,32.1,1
1,0,15,1,262.9,1
2,0,818.82,71,50.1,2
3,0,371.88,51,158,3
1,0,271.2,21,14.9,1
3,0,2273.18,77,8,3
10,2,3960.63,200,12.1,8
5,0,1143.27,33,198.1,5
2,0,245.81,51,56.1,2
2,0,182.77,50,10.1,2
4,1,1215.46,123,96,3
1,0,56.4,3,254.1,1
3,0,665.86,141,24,3
3,2,642.17,73,20.9,1
2,0,188.02,12,158.9,2
2,0,283.47,67,71.9,2
1,0,131.94,13,53,1
2,0,278.74,57,85,2
4,0,1865.19,94,152.1,4
2,0,1117.9,3,73.2,2
1,0,225.9,14,281,1
14,0,1965.55,121,26.1,14
1,0,106.1,10,29,1
1,0,323.04,49,24.9,1
2,0,350.39,43,179.1,2
4,0,697.9,63,39.9,4
3,0,780.43,102,22,3
10,1,3026.08,280,21.9,9
9,0,1199.01,51,37,9
3,1,1251.84,102,82,2
1,0,512.31,10,73.1,1
1,0,546.04,43,10.9,1
12,3,4627.62,46,16,9
39,12,7677.71,359,4,27
4,0,732.16,113,12,4
5,2,1714.6,297,13.9,3
4,0,36.56,16,36.1,4
3,0,387.68,32,3.9,3
7,1,3661.07,36,71.1,6
0,2,-24.05,0,190.9,-2
1,0,298.4,13,51,1
5,0,1995.46,190,4.9,5
4,5,1599.97,54,8.1,-1
1,0,889.24,30,298,1
3,0,398.7,18,1,3
1,0,35.4,2,32.9,1
1,0,155.37,61,49.1,1
3,0,350.64,45,2,3
1,0,110.21,23,46.9,1
8,2,1560.53,110,41.9,6
5,1,2312.7,96,26,4
1,0,338.8,50,41.8,1
124,45,40340.78,1323,1,79
1,0,205.48,36,302.9,1
1,0,51.56,5,106.1,1
1,0,2033.1,1,84.9,1
9,0,901.2,41,80.9,9
4,0,605.8,14,218,4
34,1,5288.63,21,301.9,33
2,0,114.34,21,11,2
2,0,311.26,15,184.9,2
1,0,208.97,17,372.1,1
4,2,1393.79,12,1.1,2
23,2,26763.34,19,3,21
12,0,5155.66,101,5,12
1,0,148.21,23,304.1,1
1,0,252.8,49,368,1
8,1,2059.2,172,2.9,7
1,0,330.9,11,323,1
6,0,3160,110,59,6
3,0,597.5,70,12.1,3
20,7,10158.54,191,30,13
1,1,325.7,9,142.1,0
6,2,622.75,62,29.9,4
5,0,428.18,37,106.9,5
12,1,1889.4,214,1.9,11
1,0,155.9,10,204.1,1
5,1,1764.36,24,79.9,4
6,1,658.26,37,185,5
1,0,237.61,12,170,1
1,0,379.45,26,43.1,1
1,0,178.52,6,173.1,1
1,0,458.92,26,364.1,1
1,0,133.35,8,303.8,1
4,0,671.77,133,2.8,4
4,0,717.45,107,3.1,4
1,0,190.19,50,11.9,1
3,0,899.61,93,31.1,3
1,0,111.35,10,128.8,1
8,2,525.78,60,18.1,6
2,0,203.87,20,211.9,2
2,0,602.09,88,322.1,2
1,0,203.86,34,161.7,1
3,0,244.1,27,55.9,3
1,0,112.25,15,225,1
8,0,1119.81,127,71.2,8
1,0,98,15,43.9,1
1,0,256.32,2,23,1
3,1,541.1,100,172.1,2
2,0,152.06,27,85,2
1,0,155.8,29,159,1
2,2,15,4,164.1,0
1,0,110.38,19,28.8,1
1,1,178.92,33,21,0
4,0,800.24,33,70.8,4
1,0,72.9,12,246.9,1
1,0,243.28,51,373,1
1,0,366.23,39,8.9,1
5,1,295.61,35,309.9,4
2,0,411.6,55,58.1,2
1,0,336.43,72,3,1
3,0,341.28,77,45,3
1,0,1304.04,23,88,1
17,0,4204.1,407,3.9,17
4,0,826.52,114,63.8,4
1,0,207.5,1,281.9,1
7,6,2894.33,26,0.7,1
1,0,244.08,1,372.1,1
2,0,397.29,17,133,2
2,0,212.54,23,45,2
4,1,834.5,4,10.9,3
5,0,1740.48,26,35.1,5
2,0,408.36,63,133.8,2
3,0,1331.57,84,28.7,3
2,0,704.25,21,51.1,2
2,0,145.79,28,138,2
1,0,389.84,68,5,1
7,0,4301.22,19,8,7
1,0,99.14,12,159.1,1
10,4,1983.58,6,49,6
1,0,304.56,2,130.2,1
1,0,77.5,2,7.1,1
2,0,149.58,18,232.9,2
1,0,176.68,9,37,1
1,0,358.56,1,147,1
45,7,52750.84,29,0.8,38
3,1,472.12,63,71.9,2
3,1,990.84,18,39,2
12,4,2295.37,326,4.9,8
4,0,557.3,14,198.1,4
1,0,12.75,1,249,1
1,0,111.68,31,66,1
1,0,508.46,7,116.1,1
1,0,73.78,26,171,1
39,0,1296.44,211,20.8,39
1,0,102.83,33,142,1
2,0,471.7,84,31.1,2
14,0,2622.57,274,37.1,14
5,0,1098.43,53,37.1,5
1,0,123.07,41,371.1,1
1,0,277.35,74,373,1
2,0,228.2,14,166,2
1,0,582.59,27,210.7,1
1,0,136.04,30,241.1,1
1,0,337.04,15,51.1,1
3,0,740.79,143,24.1,3
13,1,4393.61,189,15,12
1,0,353.19,56,372,1
1,0,288.14,19,29,1
1,0,300.92,12,364.9,1
4,1,737.81,116,35,3
3,0,811.45,23,165.1,3
1,0,152.68,48,144.9,1
1,0,634.95,20,21.9,1
1,0,20.8,1,56,1
1,0,198.57,13,185,1
7,1,191.17,37,11.1,6
3,0,630.84,27,236.1,3
2,0,93.35,4,224.9,2
4,2,629.69,63,121.1,2
1,0,76.1,2,281,1
8,4,1511.3,133,73.9,4
2,0,382.06,87,36.9,2
2,0,417.23,56,11.9,2
1,0,169.47,32,362,1
2,0,249.72,52,3,2
1,0,444.68,21,22.8,1
9,0,2116.19,24,69.9,9
1,1,252.24,31,235,0
1,0,174.8,14,256.1,1
1,0,102.79,28,372.8,1
2,0,187.29,31,155,2
1,0,166.42,29,27.9,1
1,0,120.03,46,3.9,1
5,0,1483.56,90,32,5
3,0,523,1,80.9,3
2,0,122.14,29,107.8,2
1,0,38.45,5,51.1,1
1,0,668.11,141,35,1
2,1,236.78,21,152,1
1,0,115.31,21,98.1,1
2,1,220.7,8,3.8,1
1,0,73.5,5,333.9,1
1,0,97.97,32,64.8,1
2,0,422.88,99,21,2
3,0,730.4,44,35,3
3,0,405.62,77,31.9,3
6,0,70.02,19,154,6
2,0,357.2,18,18.9,2
21,1,4161.14,285,11,20
1,0,165.05,7,53.1,1
3,0,559.51,106,24,3
10,1,2085.65,88,3.9,9
1,0,189.4,43,45,1
2,0,172.29,6,203,2
1,0,74.4,5,358.9,1
1,1,297.07,20,65.8,0
10,1,6752.14,223,6.9,9
1,0,363.65,19,287.9,1
1,0,170.16,3,9.2,1
3,1,296.71,17,8.8,2
10,0,2119.41,18,21.1,10
3,0,720.52,23,173,3
2,0,814,7,132.9,2
14,1,2380.08,110,5.1,13
1,0,318,10,74.9,1
1,0,396.33,36,39.9,1
1,0,101.7,1,288.9,1
5,2,2021.82,334,25.9,3
2,0,453,23,257.1,2
1,1,0,18,154.9,0
12,1,3864.44,23,114,11
1,0,489.6,13,373.1,1
10,4,2538.72,97,22.9,6
11,0,2633.01,101,8,11
2,0,336.13,27,217,2
4,0,3651.97,99,44.9,4
2,0,1231.5,2,18.2,2
3,0,343.45,14,35.8,3
1,0,703.37,62,25,1
1,1,87.53,1,16,0
2,0,689.95,25,329.9,2
1,0,101.34,7,274,1
2,2,3770.12,2,97.9,0
1,0,167.67,35,61,1
11,1,9065.76,28,2,10
4,1,2083.42,31,92.9,3
7,0,3017.3,39,81.2,7
2,0,580.05,20,312,2
3,0,911.15,157,11,3
6,1,2692.85,65,7.1,5
1,0,168.31,19,126.9,1
2,0,223.65,37,11,2
60,2,256438.49,150,0,58
1,0,754.64,38,36.9,1
1,0,113.48,18,37,1
1,0,430.7,33,329,1
1,1,264.65,17,248.2,0
26,5,7925.32,119,1.1,21
1,1,206.05,33,19,0
2,0,352.69,26,11.9,2
1,0,76.32,1,368,1
1,0,220.1,28,290,1
8,0,1418.03,230,67.1,8
1,0,320.72,68,25,1
26,5,5595.77,424,10.1,21
1,0,181.12,29,367,1
1,0,111.15,17,214,1
2,0,673.1,28,149,2
6,0,1826.21,239,8,6
2,0,589.44,31,23.9,2
4,1,1141.34,164,29,3
1,0,206.83,52,60.1,1
3,0,348.73,41,18.9,3
1,0,112.55,13,243,1
3,1,1045.74,58,8.2,2
1,1,715.5,1,210.9,0
5,0,681.91,11,28.7,5
3,1,761.83,34,62.9,2
1,0,152.65,8,294.9,1
6,2,8393.22,35,16.9,4
0,1,-35.4,0,360.1,-1
2,2,1014.9,9,151,0
2,0,1000.16,59,116.1,2
12,0,2888.75,27,7,12
4,0,2861.55,174,12.1,4
2,0,160.35,10,140.1,2
2,0,179.34,7,45.1,2
3,0,612.08,11,50.1,3
3,0,566.58,29,31.8,3
2,0,653.35,38,134.1,2
2,0,399.19,15,2.8,2
3,1,347.82,19,75,2
2,0,734.94,100,12,2
2,1,451.75,24,8.9,1
1,0,530.15,23,300.9,1
2,0,638.06,37,56.9,2
5,1,1612.79,49,9.9,4
1,1,394.7,24,30.8,0
1,0,302.46,10,177,1
3,3,1355.51,24,3.1,0
6,3,1133.64,97,175.8,3
1,0,202.65,9,60.1,1
3,0,980.31,29,32.9,3
5,2,1208.51,43,58.2,3
20,5,7490.17,100,14.1,15
4,0,2106.84,23,86.1,4
1,0,104,1,6.8,1
1,1,448.65,30,353,0
6,1,1314.17,53,30.9,5
4,2,1573.41,80,113.3,2
6,0,1793.17,86,8.9,6
6,0,1843.75,108,4.2,6
1,0,382.8,40,23.9,1
2,4,600.52,36,217.8,-2
1,0,49.8,1,14.9,1
1,0,304.25,17,249,1
3,1,1998.49,63,14.8,2
2,1,1084.34,65,77,1
2,1,274.51,14,192,1
1,0,207.8,7,261,1
1,0,957.97,45,71.2,1
1,2,212.96,16,150.1,-1
1,1,896,7,63.7,0
2,0,689.13,131,94.9,2
17,4,5083.06,81,3.9,13
1,0,163.8,29,105.8,1
3,0,1396.99,55,199.1,3
1,0,160.42,19,157,1
3,1,1979.3,159,70.9,2
2,0,517.36,30,36,2
1,0,139.1,8,28,1
6,0,2621.38,109,1.1,6
5,0,600.07,37,25.2,5
1,0,248.42,30,325.9,1
1,0,232.48,15,236.1,1
1,0,299.34,13,88.9,1
1,0,481.75,26,30.8,1
2,0,621.75,27,29,2
2,2,626.38,17,206,0
10,1,2019.77,58,2,9
1,1,297.78,2,219.1,0
5,1,1033.31,59,21.9,4
1,0,443,19,92.1,1
14,13,6315.23,116,1,1
1,0,158.95,10,263.1,1
12,5,5361.02,150,3,7
11,3,5192.1,141,38.1,8
1,0,93.75,5,217.1,1
2,1,769.2,23,49.8,1
20,0,7276.9,66,11.1,20
7,3,2716.6,32,9,4
5,1,2066.17,106,192,4
4,1,582.47,31,81.1,3
1,0,440,1,325.2,1
3,0,1796.48,100,71.2,3
6,0,882.24,42,29.2,6
5,0,987.1,40,2,5
5,0,1561.61,80,218,5
1,0,422.58,6,46,1
17,1,2058.09,60,9,16
4,0,2232.49,72,72,4
7,1,2507.56,153,6.9,6
2,0,596.1,3,23,2
2,2,783.02,39,113.3,0
1,0,95.34,8,16.9,1
1,1,342.92,21,301,0
1,0,4314.72,16,86.9,1
2,0,526.67,90,50,2
1,0,103.3,6,89,1
0,1,-50.1,0,354.2,-1
8,4,2265.38,97,38.9,4
3,0,2338.6,27,24,3
6,2,2595,86,172.1,4
2,0,324.24,19,42.9,2
1,0,149.48,13,139.9,1
3,1,1211.08,59,22.9,2
2,0,801.51,44,72,2
1,1,0,1,133.8,0
1,1,138.9,7,357.9,0
2,1,238.95,11,38,1
6,1,3064.78,99,2,5
3,0,204,1,2,3
1,1,0,11,17.1,0
1,2,323.36,14,20.8,-1
1,1,97.63,8,57.9,0
1,0,173.9,9,73.1,1
1,0,180.6,10,277.1,1
1,0,80.82,7,180.1,1
2,1,176.6,12,7,1
16,0,2094.88,263,3,16
3,0,1837.28,59,42.2,3
