"UnitPrice","TotalStockUnits","Days","TotalStockPrice"
0.85,823,235,699.55
0.41,291,17.8,119.31
0.21,193,5,40.53
0.65,5,253,3.25
0.42,16,33,6.72
0.42,17,33,7.14
0.78,1226,0.1,956.28
0.53,2374,93.2,1258.22
1.2,1937,2,2324.4
1.83,1067,3.8,1952.61
0.29,143,3,41.47
0.14,5034,11,704.76
0.8,21132,6.8,16905.6
0.84,1533,1,1287.72
3.02,427,3.8,1289.54
2.93,306,71.9,896.58
2.94,269,2.9,790.86
2.96,628,3.9,1858.88
5.89,2649,0.1,15602.61
5.86,3781,0.1,22156.66
5.93,759,1,4500.87
7.78,143,16,1112.54
7.84,110,22,862.4
6.35,193,73.9,1225.55
3.82,410,20.9,1566.2
0.14,2892,0.2,404.88
0.12,30,256,3.6
0.21,1773,2,372.33
0.21,1244,3.9,261.24
0.4,13328,0.2,5331.2
0.49,662,21.8,324.38
0.85,1273,0,1082.05
0.85,6,245.8,5.1
0.12,840,294.9,100.8
0.12,98,182.8,11.76
0.04,8900,4,356
0.85,67,11.1,56.95
0.13,1437,14.1,186.81
0.24,504,198.1,120.96
0.3,467,182.8,140.1
0.13,1058,5,137.54
1.25,49,198.2,61.25
0.42,475,7.1,199.5
0.42,475,7.1,199.5
0.42,5800,1,2436
0.1,700,15.1,70
0.42,25,371.8,10.5
0.42,7201,2,3024.42
0.42,4050,6.8,1701
0.65,17,87.1,11.05
0.42,26,12,10.92
0.42,329,0.9,138.18
0.42,4438,0.1,1863.96
0.42,200,71.9,84
0.42,660,7.1,277.2
0.42,25,368,10.5
0.42,50,355.1,21
0.5,7,236,3.5
0.5,29,234,14.5
1.76,14,236,24.64
1.25,7,317,8.75
2.95,13,32.9,38.35
2.79,4,101.1,11.16
0.09,3316,2,298.44
0.07,3760,3.1,263.2
0.09,2867,0.7,258.03
1.19,762,0.7,906.78
0.21,2664,2,559.44
0.21,1296,1,272.16
0.21,4538,0.7,952.98
0.24,1261,1,302.64
1.23,7,211.9,8.61
1.25,13,39.9,16.25
1.02,31,8.9,31.62
0.46,444,1.1,204.24
0.1,3272,26,327.2
0.29,72,283.9,20.88
1.13,22960,1.1,25944.8
2.1,24,184,50.4
1.13,80,204.1,90.4
1.11,270,6.9,299.7
1.08,455,8.9,491.4
1.15,363,1,417.45
1.11,387,1,429.57
1.52,59,358.9,89.68
1,365,0.7,365
0.87,532,185.2,462.84
0.61,154,165,93.94
0.29,2427,4,703.83
0.42,6,311.9,2.52
0.1,1501,15,150.1
0.21,200,87,42
0.21,225,87,47.25
0.21,1025,0.7,215.25
0.21,349,29,73.29
0.2,4032,4,806.4
1.17,109,15.1,127.53
1.25,29,151.1,36.25
0.78,172,205.1,134.16
0.55,2066,0.1,1136.3
0.2,2516,142.9,503.2
2.55,171,3.9,436.05
2.55,171,3.9,436.05
2.55,171,3.9,436.05
0.9,61,232.1,54.9
0.84,425,29,357
0.1,404,35.8,40.4
0.42,29,316.9,12.18
1.05,27,330.9,28.35
0.42,9,14.9,3.78
3.75,4,5.1,15
0.17,5856,142.9,995.52
1.2,134,63,160.8
2.55,5,169.9,12.75
2.5,381,21,952.5
2.92,193,123,563.56
1.48,231,0.7,341.88
1.32,134,0.7,176.88
2.22,66,11,146.52
2.07,68,2.9,140.76
2.31,142,10.9,328.02
1.99,163,11.1,324.37
1.99,163,11.1,324.37
1.42,150,0.7,213
1.65,33,3.8,54.45
1.23,105,5,129.15
1.31,89,5,116.59
1.35,61,32.1,82.35
1.25,328,74,410
1.54,95,3,146.3
4.65,9,38.9,41.85
4.09,11,45.9,44.99
3.9,3,53,11.7
2.95,6,352.8,17.7
2.94,340,49.1,999.6
2.95,4,243.1,11.8
2.95,1,192.1,2.95
0.12,12714,0.1,1525.68
1.25,195,11.9,243.75
3.9,8,23.8,31.2
1.25,10,365,12.5
1.25,1367,0.9,1708.75
1.24,2717,0.9,3369.08
1.24,4341,0.9,5382.84
1.26,3154,0.9,3974.04
1.65,4,77,6.6
5.92,1621,0.9,9596.32
3.25,123,249,399.75
3.31,1120,1.9,3707.2
3.25,78,140.1,253.5
7.75,3835,0,29721.25
3.3,255,1,841.5
3.75,36,39,135
4.25,5,21.9,21.25
3.75,32,34.9,120
2.55,19,16,48.45
2.55,16,16,40.8
2.55,29,3.8,73.95
3.75,10,172,37.5
3.75,6,172,22.5
4.25,128,44,544
4.25,-6,189.8,-25.5
4.83,207,0.1,999.81
4.71,142,3,668.82
1.53,154,3.8,235.62
2.01,4176,11.1,8393.76
2.03,7947,1,16132.41
2.02,10223,0,20650.46
1.24,314,163.1,389.36
1.28,2026,0.7,2593.28
1.26,4240,0.1,5342.4
0.84,9125,0.9,7665
0.86,6772,2,5823.92
0.85,12586,0.1,10698.1
1.66,17345,0,28792.7
1.66,17345,0,28792.7
1.66,9033,0.7,14994.78
1.64,11173,0.1,18323.72
1.66,10606,1.8,17605.96
1.25,74,172,92.5
0.84,618,1,519.12
0.85,158,2.9,134.3
12.75,53,11,675.75
7.79,1711,0.1,13328.69
7.75,1706,0,13221.5
2.1,972,5,2041.2
2.1,365,11.9,766.5
2.09,1355,18.9,2831.95
0.85,292,2,248.2
0.85,63,16.9,53.55
0.87,164,12,142.68
0.85,161,2,136.85
0.85,64,2,54.4
0.85,69,14.9,58.65
3.82,110,2,420.2
3.82,101,3,385.82
3.7,71,3,262.7
3.93,128,2.9,503.04
3.96,96,3.8,380.16
3.88,113,4.9,438.44
2.62,217,2.9,568.54
2.6,131,2.9,340.6
2.64,66,2.9,174.24
2.53,108,12,273.24
2.64,71,3,187.44
2.59,217,0.7,562.03
1.65,56,88,92.4
1.65,52,74.1,85.8
1.65,64,8.8,105.6
1.65,95,8.8,156.75
1.65,15,227,24.75
5.72,37,14.1,211.64
4.9,31,1.9,151.9
5.59,40,3,223.6
39.15,14,247.1,548.1
6.75,3,92.1,20.25
2.52,76,3.9,191.52
2.1,38,7,79.8
1.65,61,29,100.65
2.02,32,318,64.64
0.93,816,197.9,758.88
1.45,609,3.8,883.05
0.51,849,222,432.99
1.95,8,224.7,15.6
2.5,12,219,30
3.98,48,9.1,191.04
4.95,5,282.8,24.75
4.95,4,15.9,19.8
0.79,164,183,129.56
0.82,276,205.1,226.32
0.39,88,232.1,34.32
2.54,1012,2.9,2570.48
2.15,1145,2.9,2461.75
2.1,74,67.9,155.4
1.86,169,0.1,314.34
0.58,1033,0,599.14
0.83,66,28.9,54.78
0.83,158,15,131.14
0.97,141,19.1,136.77
0.92,318,15.8,292.56
0.99,452,2.1,447.48
0.96,452,2.8,433.92
6.35,19,115,120.65
1.26,647,2.1,815.22
3.75,46,14,172.5
2.95,21,32.9,61.95
5.95,9,225.9,53.55
1.64,152,292,249.28
1.65,130,122,214.5
1.65,17,295,28.05
2.1,2,364.1,4.2
1.3,289,3,375.7
1.24,187,3,231.88
0.57,381,0.7,217.17
0.39,139,0.7,54.21
1.25,25,368.9,31.25
1.95,447,32.9,871.65
12.75,1,365.9,12.75
2.46,223,5,548.58
2.95,25,22,73.75
2.91,73,126,212.43
2.95,19,47,56.05
6.35,2,24.9,12.7
6.22,33,128.1,205.26
6.35,20,47,127
2.95,3,249.9,8.85
6.35,8,358,50.8
2.95,6063,0.7,17885.85
2.95,6063,0.7,17885.85
3.11,249,0.7,774.39
3,179,1.1,537
3.13,23,1.1,71.99
5.43,40,34.9,217.2
2.95,6,22.9,17.7
3.08,91,0.1,280.28
1.25,59,155.9,73.75
1.29,725,2.8,935.25
1.45,-1,372.9,-1.45
1.31,979,1,1282.49
1.33,1102,1,1465.66
2.55,2,217.1,5.1
1.25,589,206,736.25
3.75,257,207.2,963.75
3.82,1587,1,6062.34
3.78,1078,1,4074.84
1.27,7608,0.9,9662.16
1.27,7107,0.8,9025.89
0.67,4003,0.9,2682.01
0.65,6168,0,4009.2
0.65,6280,1,4082
1.25,1522,35,1902.5
1.25,1615,0.8,2018.75
1.24,3363,0,4170.12
1.25,18,123,22.5
0.85,1832,0.2,1557.2
0.85,2015,0.2,1712.75
0.85,2645,1.2,2248.25
0.36,3785,53,1362.6
1.28,1001,2.2,1281.28
1.32,462,1,609.84
0.46,4365,1,2007.9
0.25,3057,0.7,764.25
4.95,15,99.9,74.25
2.94,119,56,349.86
4.25,46,13.9,195.5
5.95,25,31.9,148.75
4.25,13,47.1,55.25
6.35,13,92.9,82.55
1.45,18,365.9,26.1
2.09,564,0,1178.76
0.41,1233,16,505.53
0.32,1247,1.9,399.04
0.85,22,360.1,18.7
1.47,100,10.9,147
1.34,143,9,191.62
1.24,101,18,125.24
1.52,116,3.8,176.32
1.3,121,18,157.3
1.36,40,23,54.4
1.48,65,9,96.2
2.31,921,92,2127.51
0.95,1872,0.8,1778.4
3.29,2119,2,6971.51
1.24,75,219,93
2.71,498,3,1349.58
1.67,22,268.9,36.74
2.95,573,15.9,1690.35
5.94,297,2.9,1764.18
2.29,443,191.1,1014.47
2.18,108,1.1,235.44
8.95,68,25,608.6
9.49,140,0.7,1328.6
9.73,172,3.8,1673.56
0.86,1037,4.9,891.82
0.85,561,3,476.85
0.85,356,4.9,302.6
0.85,412,4.9,350.2
0.85,501,7,425.85
0.87,483,3.8,420.21
5.01,176,1,881.76
4.35,487,0.9,2118.45
1.24,676,8,838.24
1.24,176,66,218.24
1.22,1493,1,1821.46
1.23,1167,113.9,1435.41
1.33,1033,3.8,1373.89
1.23,843,50.2,1036.89
0.85,2494,58.9,2119.9
0.84,12296,0.9,10328.64
0.26,2175,2,565.5
0.66,6589,2.9,4348.74
0.47,126,234,59.22
0.26,1564,1.8,406.64
0.23,231,114,53.13
0.46,1636,2,752.56
0.83,7351,2.9,6101.33
0.85,95,175.7,80.75
0.45,1143,19,514.35
1.3,3137,0.9,4078.1
1.65,43,285,70.95
2.9,193,9.9,559.7
2.87,840,8.1,2410.8
1.41,6932,0.1,9774.12
4.14,837,0.1,3465.18
4.14,837,0.1,3465.18
5.49,773,14.1,4243.77
2.14,789,0.1,1688.46
2.59,1245,14.9,3224.55
2.59,1245,14.9,3224.55
1.32,1342,5,1771.44
5.82,523,0.1,3043.86
4.95,489,3.8,2420.55
1.57,115,16,180.55
1.25,6454,0,8067.5
1.25,5208,0,6510
1.24,951,0.8,1179.24
1.25,3921,0,4901.25
1.25,596,6.9,745
1.25,488,7.1,610
6.92,47,1.9,325.24
8.21,43,10,353.03
3.87,93,2.9,359.91
3.88,35,0.9,135.8
1.66,2416,1.1,4010.56
1.69,4467,1,7549.23
3.66,11391,0,41691.06
1.95,294,109,573.3
0.38,-12,338,-4.56
1.25,122,23,152.5
2.28,89,3.8,202.92
1.29,2975,0.2,3837.75
2.52,2222,0.9,5599.44
2,3000,1.9,6000
2.1,49,44.8,102.9
0.61,1403,0.2,855.83
0.69,1109,0.2,765.21
1.45,131,184,189.95
0.61,1416,0.2,863.76
0.71,1175,42.1,834.25
2.94,1708,0.9,5021.52
1.67,4015,3,6705.05
2.04,10122,0.9,20648.88
0.21,1210,0.7,254.1
1.67,4263,0,7119.21
1.43,424,129.8,606.32
1.49,3322,1,4949.78
2.07,3926,1,8126.82
2.46,9963,0.2,24508.98
2.46,9963,0.2,24508.98
0.74,1773,87.9,1312.02
2.07,11876,0.2,24583.32
1.64,330,134.9,541.2
2.93,294,128.1,861.42
1.65,165,1.1,272.25
1.57,118,14,185.26
2.08,394,3.1,819.52
1.62,925,12,1498.5
0.93,427,0.1,397.11
1.87,417,205.9,779.79
1.65,89,2,146.85
1.53,222,7.1,339.66
1.37,892,2,1222.04
1.38,816,7.1,1126.08
1.5,1010,12,1515
2.5,1174,4.1,2935
1.46,449,22.1,655.54
1.65,419,2,691.35
2.55,189,6.9,481.95
1.55,1218,16,1887.9
1.63,982,7.1,1600.66
0.6,837,0.1,502.2
0.66,1123,0.1,741.18
1.46,5547,0.9,8098.62
1.44,816,11,1175.04
0.55,33409,0.9,18374.95
0.54,14261,1.8,7700.94
0.55,868,3.9,477.4
4.9,1825,0.2,8942.5
9.86,966,0,9524.76
3.75,2009,0.9,7533.75
1.36,323,2,439.28
1.39,239,0.1,332.21
1.3,201,2,261.3
1.47,198,0.1,291.06
1.25,728,0.1,910
1.25,9,14.1,11.25
1.25,5,275,6.25
1.27,5600,0.9,7112
1.25,9981,0.7,12476.25
1.25,9981,0.7,12476.25
0.85,3468,2.9,2947.8
0.85,2553,3.1,2170.05
0.84,3120,3.1,2620.8
1.67,3039,2.1,5075.13
1.67,2105,3.1,3515.35
1.67,2105,3.1,3515.35
1.67,2116,50.1,3533.72
1.7,1014,2.1,1723.8
4.93,173,105.8,852.89
1.45,186,0.2,269.7
2.91,672,3.1,1955.52
2.93,92,21.7,269.56
2.95,165,14,486.75
2.82,66,0.7,186.12
7.97,477,0,3801.69
12.7,364,0,4622.8
5.92,1116,1.1,6606.72
3.24,1086,1,3518.64
3.47,167,3,579.49
3.46,263,1,909.98
1.95,163,2.8,317.85
1.95,248,3,483.6
1.95,128,1.9,249.6
0.42,2,371.9,0.84
8.5,28,16.9,238
12.75,14,4,178.5
1.25,501,129.8,626.25
16.77,5,28.8,83.85
21.36,21,15.9,448.56
2.55,43,147,109.65
2.55,62,4.9,158.1
2.55,65,29.8,165.75
2.55,35,29.8,89.25
1.19,349,0.8,415.31
1.61,326,0.8,524.86
1.26,255,0.9,321.3
0.51,1788,3,911.88
2.9,232,10.9,672.8
1.25,423,12,528.75
0.85,920,10.9,782
0.82,865,2.9,709.3
2.21,101,3.8,223.21
0.52,1536,54,798.72
0.57,468,4,266.76
1.26,79,149.1,99.54
29.95,1,199,29.95
0.51,451,4.9,230.01
0.83,2812,0,2333.96
2.09,3531,0,7379.79
1.65,149,243,245.85
5.4,95,3.1,513
0.9,663,217.2,596.7
1.25,146,243,182.5
1.63,179,233,291.77
2.95,69,235.1,203.55
0.64,10067,0,6442.88
1.65,538,1,887.7
1.68,760,0.1,1276.8
1.69,589,0.1,995.41
12.75,11,22.9,140.25
10.55,14,116,147.7
2.95,55,248.1,162.25
2.95,8,203.1,23.6
12.17,904,2,11001.68
9.95,11,1,109.45
2.79,139,317.1,387.81
6.75,8,37.9,54
6.7,94,0,629.8
4.49,302,23.8,1355.98
1.22,753,8.1,918.66
1.24,777,0.1,963.48
1.19,304,3.8,361.76
1.25,19,256,23.75
1.25,328,2.9,410
7.98,125,120,997.5
7.38,37,185.9,273.06
12.72,87,139.9,1106.64
4.95,195,71.1,965.25
6.75,24,57,162
1.1,348,0.7,382.8
4.25,24,1.9,102
1.56,163,3.8,254.28
0.87,161,4.1,140.07
1.63,98,4.1,159.74
4.94,15,1.8,74.1
1.09,275,0.7,299.75
1.33,67,10.9,89.11
0.75,495,1.9,371.25
1.69,294,8.1,496.86
4.4,24,5.1,105.6
4.61,33,5.1,152.13
1.45,93,1.9,134.85
1.48,129,1.9,190.92
1.14,147,1.9,167.58
2.97,2092,7.1,6213.24
1.69,1674,3,2829.06
1.66,1037,8,1721.42
0.65,770,0.9,500.5
0.86,3562,2.9,3063.32
0.45,713,5,320.85
0.85,1017,5,864.45
1.26,3778,2.8,4760.28
1.01,972,18,981.72
1.37,32,266.7,43.84
1.46,29,256.1,42.34
0.44,3800,26,1672
0.39,2802,35.8,1092.78
0.53,1016,233.9,538.48
0.67,1499,233.9,1004.33
0.54,1936,187.1,1045.44
0.16,837,4.9,133.92
0.15,1010,3,151.5
0.12,1290,8.8,154.8
0.13,1718,3,223.34
4.22,232,17.1,979.04
4.05,223,0.9,903.15
3.88,716,0.7,2778.08
0.42,-6,338,-2.52
1.25,36,25.9,45
2.1,1,289.9,2.1
1.98,206,0.9,407.88
3.75,5,261.9,18.75
1.78,288,0,512.64
2.01,59,2,118.59
2.92,48,1.8,140.16
1.24,298,199,369.52
0.91,1556,8.1,1415.96
2.89,222,44.8,641.58
2.93,67,2.8,196.31
2.05,209,9.1,428.45
2.1,74,2.8,155.4
4.18,1064,2.9,4447.52
1.88,1574,1,2959.12
3.69,2663,0.9,9826.47
1.25,914,1,1142.5
0.76,376,0.9,285.76
0.72,389,0.9,280.08
1.25,210,140,262.5
1.25,400,0.7,500
1.25,748,88.9,935
1.65,327,54.1,539.55
2.94,716,1.9,2105.04
0.85,318,2,270.3
0.85,258,2,219.3
1.25,160,1.9,200
1.25,115,29.9,143.75
1.25,158,29.9,197.5
1.95,67,16.1,130.65
1.95,26,261,50.7
1.95,7,16.1,13.65
5.89,192,0.1,1130.88
5.79,602,2.1,3485.58
4.25,235,7.9,998.75
3.81,193,8,735.33
3.9,267,2,1041.3
3.84,213,4,817.92
3.9,123,10,479.7
3.8,248,2.2,942.4
3.85,333,3.9,1282.05
3.73,491,16,1831.43
3.75,119,146.9,446.25
19.95,22,18.9,438.9
14.95,31,51,463.45
4.02,2517,0,10118.34
3.36,2837,0,9532.32
3.9,1507,1,5877.3
4.96,3315,0.1,16442.4
3.75,8,369,30
3.95,3,372.8,11.85
1.37,1226,1,1679.62
0.42,5775,0.9,2425.5
0.42,8600,0,3612
0.42,10497,0.9,4408.74
0.42,6700,1,2814
0.42,6350,4.2,2667
0.42,725,8.8,304.5
0.42,1884,2,791.28
0.42,4728,0,1985.76
0.43,3182,0,1368.26
0.43,3182,0,1368.26
0.43,2381,1.1,1023.83
0.43,3581,0.9,1539.83
0.42,265,248.1,111.3
0.42,3181,0.8,1336.02
0.42,455,38,191.1
7.87,3083,0.1,24263.21
7.97,1656,0.7,13198.32
7.84,434,207.9,3402.56
6.91,165,9.9,1140.15
1.05,695,1,729.75
2.51,1458,1,3659.58
4.88,1285,0.2,6270.8
4.93,314,2,1548.02
2.53,2428,0.7,6142.84
4.21,272,2.2,1145.12
3.75,5,365,18.75
4.9,916,25,4488.4
0.84,1872,1,1572.48
2.95,72,262,212.4
2.55,55,32.9,140.25
2.52,803,16,2023.56
3.22,300,3,966
2.53,1942,4,4913.26
2.56,3702,0.1,9477.12
2.56,1225,1,3136
1.23,319,18,392.37
2.73,1358,0.1,3707.34
2.74,1013,0.1,2775.62
2.37,177,1.1,419.49
2.25,542,7,1219.5
2.25,584,33,1314
2.25,144,3,324
2.25,90,8.9,202.5
2.25,153,14,344.25
1.65,1065,2,1757.25
2.5,718,32.1,1795
2.53,197,52.1,498.41
2.53,1496,1,3784.88
1.25,1133,0.1,1416.25
1.13,2151,0.9,2430.63
2.92,761,101,2222.12
2.94,221,43,649.74
2.95,48,192.1,141.6
1.68,840,4.9,1411.2
1.69,755,1,1275.95
2.26,473,19.1,1068.98
1.98,303,24.8,599.94
1.61,900,1,1449
1.75,811,0.1,1419.25
8.51,2512,3,21377.12
4.94,346,1.9,1709.24
9.77,3251,1,31762.27
5.93,199,5,1180.07
6.99,307,1.9,2145.93
1.95,720,17.9,1404
14.95,38,46,568.1
14.71,42,1.1,617.82
7.88,53,0.7,417.64
8.82,53,2,467.46
7.25,155,21.9,1123.75
3.95,60,338.1,237
10.4,86,18.1,894.4
0.58,948,53.9,549.84
1.92,270,149.1,518.4
0.8,917,3.9,733.6
1.25,109,59.9,136.25
2.1,235,1,493.5
0.85,541,1,459.85
0.48,1102,84,528.96
0.39,2334,0.7,910.26
1.24,478,23.9,592.72
1.25,190,11.8,237.5
1.65,-24,337,-39.6
2.1,116,12,243.6
1.24,653,23.9,809.72
0.24,2173,2,521.52
1.61,131,291,210.91
0.64,946,82.1,605.44
1.69,0,301,0
1.45,117,232,169.65
6.95,28,292,194.6
3.88,742,56.9,2878.96
5.95,3,290,17.85
5.92,74,116,438.08
3.73,97,53.1,361.81
0.65,384,3,249.6
14.95,0,327,0
1.3,4951,0.1,6436.3
1.33,4889,0.1,6502.37
1.3,3935,0.1,5115.5
1.29,3928,1.9,5067.12
1.29,4505,2,5811.45
1.3,3891,0.1,5058.3
0.94,513,3.8,482.22
1.09,211,9.1,229.99
0.92,754,8,693.68
0.85,104,14.1,88.4
0.85,1054,2,895.9
0.85,804,2,683.4
9.95,2,289.9,19.9
5.05,174,5,878.7
2.95,297,3.9,876.15
0.89,764,0,679.96
39.69,32,67.9,1270.08
2.95,316,9.1,932.2
3.75,92,3,345
3.75,24,312.9,90
3.75,17,287,63.75
2.95,358,3,1056.1
2.91,303,3.9,881.73
2.95,283,9.1,834.85
2.95,214,15.9,631.3
0.49,266,1.8,130.34
0.85,1230,2,1045.5
0.43,9186,0.7,3949.98
0.86,4999,0.7,4299.14
1.52,1357,0.1,2062.64
5.07,229,3.2,1161.03
5.15,120,3.2,618
4.91,138,11.1,677.58
5.09,87,14,442.83
5.07,84,14,425.88
4.89,86,14.9,420.54
2.1,685,3,1438.5
1.25,1065,1.9,1331.25
2.52,1141,1,2875.32
2.55,1198,3,3054.9
2.5,405,262.1,1012.5
1.27,1288,1,1635.76
0.85,301,11,255.85
0.85,57,136.2,48.45
0.85,175,44,148.75
0.85,64,11,54.4
0.85,371,3.8,315.35
0.85,372,1,316.2
0.85,274,21.9,232.9
0.85,231,2,196.35
4.93,484,1.8,2386.12
1.66,12697,0.1,21077.02
2.95,7702,0.9,22720.9
12.51,177,84,2214.27
1.61,77,238.9,123.97
2.95,45,50,132.75
2.88,143,1,411.84
2.95,131,23,386.45
5.95,193,0.9,1148.35
2.93,266,87.1,779.38
3.19,367,15,1170.73
3.78,925,2,3496.5
1.26,2959,10.2,3728.34
1.24,425,9,527
2.08,1892,22,3935.36
2.1,78,52,163.8
6.02,2643,1,15910.86
6.02,1942,0,11690.84
6.03,790,1,4763.7
4.95,6,295,29.7
6.41,32,23.2,205.12
29.95,10,5,299.5
27.46,6,155.9,164.76
66.36,11,366.8,729.96
4.94,1571,0.8,7760.74
1.08,920,9.9,993.6
1.15,834,9.9,959.1
1.23,280,9.9,344.4
7.95,2,364.9,15.9
14.83,117,151.9,1735.11
9.95,49,99,487.55
0.81,411,296.9,332.91
0.45,1711,0.7,769.95
0.86,8227,3,7075.22
0.85,1181,3,1003.85
0.86,779,7,669.94
0.85,13251,0,11263.35
1.27,7107,0.7,9025.89
4.58,330,128,1511.4
4.29,296,10.9,1269.84
4.39,498,44.9,2186.22
0.42,421,40.1,176.82
0.42,999,18,419.58
0.42,1138,0,477.96
3.72,178,7.1,662.16
0.42,415,38.9,174.3
3.64,100,1,364
0.74,1859,0,1375.66
0.57,5246,0.1,2990.22
0.64,4284,16,2741.76
0.64,4284,16,2741.76
4.9,204,3,999.6
4.9,243,3,1190.7
1.45,75,12,108.75
1.45,132,16,191.4
1.45,34,12,49.3
0.5,908,29.9,454
0.51,2699,1.8,1376.49
0.51,2699,1.8,1376.49
0.49,2465,0.9,1207.85
3.79,261,3.9,989.19
3.73,211,9.9,787.03
1.04,612,2.1,636.48
0.75,1196,24,897
0.61,1426,24,869.86
1.25,93,268,116.25
1.25,6,254.9,7.5
1.25,314,2,392.5
0.21,6354,50.1,1334.34
0.44,2551,16,1122.44
1.73,785,0.7,1358.05
1.68,2598,2,4364.64
3.75,3,322.9,11.25
5.45,1,257,5.45
4.25,73,10.1,310.25
10.84,1488,0.7,16129.92
2.9,1794,2.9,5202.6
1.12,1855,11.1,2077.6
5.59,60,0.7,335.4
4.95,9,36.9,44.55
5.08,52,4.9,264.16
4.89,25,3,122.25
5.62,26,21.9,146.12
2.08,590,1,1227.2
2.09,223,1,466.07
1.3,537,1,698.1
1.28,266,0.7,340.48
1.33,2261,3.8,3007.13
1.25,1331,178.9,1663.75
1.37,4592,0.1,6291.04
1.35,1253,0.2,1691.55
1.28,1495,1,1913.6
1.35,2830,0.2,3820.5
1.36,1972,0.2,2681.92
1.38,3506,0.7,4838.28
1.41,4295,0.1,6055.95
0.85,2384,1,2026.4
0.46,1027,3.8,472.42
0.55,1446,1.8,795.3
0.57,975,3.8,555.75
0.53,600,11,318
0.55,1367,1.8,751.85
0.5,1017,5,508.5
3.83,1546,4.9,5921.18
1.28,5752,0.8,7362.56
3.24,1071,0.8,3470.04
1.39,7876,0.8,10947.64
1.3,2901,3,3771.3
1.31,476,1,623.56
4.25,1,373,4.25
2.1,944,17,1982.4
2.88,402,226.1,1157.76
3.02,445,226.1,1343.9
0.68,2562,0.9,1742.16
0.68,2562,0.9,1742.16
0.69,3082,0.9,2126.58
0.68,1737,0.8,1181.16
0.68,1907,0.9,1296.76
2.23,1116,0.9,2488.68
2.1,51,197.8,107.1
1.29,685,3.1,883.65
6.73,466,3.9,3136.18
2.11,2281,1.9,4812.91
2.14,3609,0.2,7723.26
1.65,36,295.8,59.4
1.65,93,277,153.45
3.84,1575,1,6048
3.83,302,2,1156.66
1.28,7398,0,9469.44
1.26,20912,1.9,26349.12
0.43,4339,0,1865.77
0.43,4082,0.9,1755.26
0.43,6997,0,3008.71
7.95,759,3,6034.05
1.25,397,2.8,496.25
1.25,400,1,500
1.25,583,7.7,728.75
2.03,9436,1.9,19155.08
2.03,9436,1.9,19155.08
2.04,9667,0,19720.68
2.03,5703,1,11577.09
2.03,11182,0,22699.46
1.85,2434,2,4502.9
1.84,2407,1,4428.88
1.65,1278,2.9,2108.7
1.64,1762,1,2889.68
2.94,3702,1.9,10883.88
2.93,1575,5,4614.75
0.83,149,3.9,123.67
0.85,57,28.1,48.45
0.77,232,0.7,178.64
0.83,225,3,186.75
0.81,72,3.9,58.32
1.36,596,2.9,810.56
1.4,418,3.8,585.2
1.31,613,3.8,803.03
7.76,1159,2.2,8993.84
0.32,5166,0.9,1653.12
1.45,290,9,420.5
1.45,158,11.1,229.1
1.49,1975,1.9,2942.75
0.56,12063,1,6755.28
0.55,4938,1,2715.9
0.55,24163,0.9,13289.65
0.33,6427,0.8,2120.91
0.34,5288,2,1797.92
0.34,7345,0.8,2497.3
0.35,2199,3,769.65
0.35,3285,0.8,1149.75
0.33,8569,0.7,2827.77
0.34,3985,0.7,1354.9
0.65,2037,2.9,1324.05
0.84,2194,2.9,1842.96
0.85,2068,2,1757.8
1.5,1207,0.1,1810.5
1.51,459,2,693.09
1.53,1163,23.9,1779.39
1.52,1354,1,2058.08
1.65,350,263.1,577.5
0.43,1131,3,486.33
0.43,2292,2.8,985.56
0.42,1764,3,740.88
0.42,1560,4.2,655.2
0.42,3997,0.9,1678.74
0.43,2903,0.9,1248.29
0.42,7846,1,3295.32
0.42,5361,0.7,2251.62
0.47,351,1,164.97
0.42,361,14.1,151.62
0.42,336,141,141.12
0.42,-9,338,-3.78
0.43,1406,53,604.58
0.42,3795,0.9,1593.9
0.42,475,3,199.5
0.42,225,45,94.5
0.42,725,22.1,304.5
2.49,3774,1,9397.26
0.42,360,3.1,151.2
0.24,1188,7,285.12
0.26,816,32,212.16
0.42,6452,1,2709.84
0.42,2216,1.1,930.72
0.42,3375,3.8,1417.5
0.42,950,3.9,399
0.27,1000,50.1,270
0.42,1200,3.9,504
0.42,1000,14.8,420
0.42,546,151,229.32
1.23,4236,31,5210.28
1.45,1230,0.9,1783.5
1.26,530,0.9,667.8
1.31,1725,0.1,2259.75
5.45,217,200,1182.65
9.04,549,0,4962.96
1.12,589,56.1,659.68
2.73,538,1.1,1468.74
1.63,1572,0.9,2562.36
0.63,6430,2,4050.9
0.61,2243,2.9,1368.23
1.52,383,0.7,582.16
1.42,424,0.1,602.08
1.42,220,0.1,312.4
3.85,578,0.9,2225.3
3.56,425,0.9,1513
3.47,794,0.2,2755.18
3.71,288,219,1068.48
1.22,989,0,1206.58
1.52,1553,0,2360.56
1.43,1035,0.1,1480.05
1.78,8571,0,15256.38
2.09,1300,0.2,2717
1.7,1685,1.9,2864.5
1.65,1172,0,1933.8
1.74,585,0,1017.9
1.68,2538,1.9,4263.84
2.95,4260,0,12567
2.91,4852,0.9,14119.32
2.93,507,2,1485.51
2.93,15164,0,44430.52
2.88,3703,0.1,10664.64
2.9,1642,156.1,4761.8
2.92,1214,4.2,3544.88
2.9,6831,1.1,19809.9
0.55,1938,1,1065.9
0.5,668,1,334
0.52,1816,2.9,944.32
0.57,2022,0.9,1152.54
0.66,1569,0.1,1035.54
0.52,1358,0.9,706.16
0.53,1581,1,837.93
0.66,1882,0.7,1242.12
0.61,1396,1,851.56
0.65,729,3.1,473.85
1.87,513,2.8,959.31
1.45,813,10.9,1178.85
1.42,683,46.1,969.86
1.36,151,9.8,205.36
3.35,266,46.1,891.1
5.34,165,8,881.1
3.51,272,0.8,954.72
2.86,101,0.7,288.86
3.83,1350,0.8,5170.5
2.58,616,0.9,1589.28
4.9,4130,0.1,20237
4.87,5080,0.1,24739.6
4.03,3129,0,12609.87
4.21,3702,0.2,15585.42
1.5,1495,0.9,2242.5
1.22,493,0.9,601.46
2.79,1290,2.8,3599.1
4.24,219,0.2,928.56
6.16,347,0.2,2137.52
9.87,493,5,4865.91
6.06,332,0.7,2011.92
2.14,443,0.2,948.02
2.32,79,1,183.28
5.95,4,16,23.8
1.24,402,261,498.48
1.24,1673,2.9,2074.52
0.97,992,3.8,962.24
0.97,992,3.8,962.24
0.85,1360,0.7,1156
2.04,1889,2.8,3853.56
0.86,923,1,793.78
0.87,702,2.9,610.74
0.46,637,3.1,293.02
0.46,637,3.1,293.02
0.46,262,2.9,120.52
0.46,262,2.9,120.52
1.64,333,39,546.12
2.91,68,120.1,197.88
4.98,4729,0,23550.42
4.99,4206,0,20987.94
2.15,2440,0,5246
1.5,3062,0.7,4593
2.15,3424,0,7361.6
2.1,30,365.9,63
1.95,1,318,1.95
1.46,5250,8.1,7665
1.94,1804,5,3499.76
2.1,5267,28.8,11060.7
1.96,2912,0.9,5707.52
0.43,13987,0.1,6014.41
0.43,2347,4,1009.21
0.42,2389,0.1,1003.38
0.42,3525,2.9,1480.5
0.42,2155,0.1,905.1
0.86,1770,2.9,1522.2
0.85,212,100,180.2
2.97,2870,1.9,8523.9
0.23,4119,2.9,947.37
2.85,97,16.9,276.45
1.36,601,1,817.36
2.95,71,11,209.45
10.39,266,0.1,2763.74
7.67,119,3,912.73
9.7,117,0.7,1134.9
8.39,127,241.1,1065.53
8.38,1045,0.9,8757.1
6.74,1004,0.2,6766.96
8.36,1611,0.1,13467.96
3.07,2050,0.9,6293.5
1.73,2688,2.1,4650.24
2.94,839,0,2466.66
2.95,487,39.1,1436.65
1.43,21984,0,31437.12
6.73,767,0.1,5161.91
6.73,767,0.1,5161.91
9.91,283,44.2,2804.53
0.85,550,9.9,467.5
4.49,203,0.1,911.47
6.23,72,26,448.56
8.5,6,316.1,51
1.59,1428,0.1,2270.52
2.31,748,2.9,1727.88
2.58,1179,1.9,3041.82
3.8,4843,0.8,18403.4
3.88,8187,0.8,31765.56
1.82,566,0.1,1030.12
8.46,1082,0.8,9153.72
8.48,886,0.8,7513.28
8.49,1328,0.8,11274.72
8.5,51,155,433.5
1.73,1698,1,2937.54
0.87,2356,1,2049.72
0.84,48712,0,40918.08
0.84,48712,0,40918.08
1.62,830,222.1,1344.6
3.78,376,0.1,1421.28
3.78,376,0.1,1421.28
3.89,322,0.1,1252.58
3.81,106,0.9,403.86
3.75,38,217.8,142.5
3.56,308,0.9,1096.48
3.37,91,0.9,306.67
4.42,1125,0.9,4972.5
0.99,1276,0.7,1263.24
0.99,813,0.7,804.87
0.96,914,1,877.44
0.99,735,1,727.65
2.11,1399,0.9,2951.89
2.38,114,2.9,271.32
7.44,328,0.1,2440.32
0.71,327,0.2,232.17
1,725,0.2,725
4.25,1,358.8,4.25
0.86,3346,1.8,2877.56
8.56,192,0.1,1643.52
9.16,122,1,1117.52
4.31,824,2.9,3551.44
4.1,315,4.9,1291.5
2.91,684,1.9,1990.44
0.66,1967,0,1298.22
0.7,850,1,595
0.67,493,4,330.31
0.56,910,4.9,509.6
0.96,800,1,768
0.91,559,1.9,508.69
1.04,520,1.9,540.8
12.51,263,15.8,3290.13
1.25,1784,16.1,2230
1.63,597,296.1,973.11
1.63,3044,9.1,4961.72
1.93,1601,42.1,3089.93
0.84,1194,99,1002.96
2.19,266,15.1,582.54
2.19,266,15.1,582.54
0.85,485,13.9,412.25
0.85,363,17,308.55
0.85,641,11,544.85
0.85,445,142,378.25
1.25,504,9.1,630
1.24,644,0.1,798.56
1.25,594,1.9,742.5
0.85,542,1.9,460.7
1.25,262,240.9,327.5
1.16,283,40.1,328.28
1.14,715,13.9,815.1
1.05,384,227,403.2
0.91,406,8.8,369.46
0.89,516,3.8,459.24
0.87,919,3,799.53
0.86,207,10.9,178.02
0.67,1393,246.1,933.31
0.65,514,10,334.1
0.46,1861,2,856.06
0.97,828,3.9,803.16
0.57,1798,28.9,1024.86
0.57,1798,28.9,1024.86
0.93,841,1.8,782.13
3.73,204,16.8,760.92
2.97,1645,14.2,4885.65
2.94,193,201.1,567.42
2.96,3022,0.9,8945.12
2.99,1294,3,3869.06
7.65,69,371.8,527.85
2.55,246,1,627.3
2.22,355,1,788.1
4.95,238,2.2,1178.1
1.27,479,1,608.33
1.36,177,1,240.72
5.95,109,2,648.55
12.91,110,0.9,1420.1
8.02,254,0.9,2037.08
1.65,888,3.9,1465.2
1.65,834,3.9,1376.1
1.65,834,3.9,1376.1
1.11,1051,8,1166.61
1.11,1051,8,1166.61
1.15,738,8,848.7
1.15,738,8,848.7
1.25,453,17,566.25
1.25,126,17.1,157.5
1.45,1219,13.9,1767.55
1.45,1088,13.9,1577.6
1.45,821,17.1,1190.45
1.25,5405,2.9,6756.25
1.67,2725,1,4550.75
1.66,3054,3.8,5069.64
1.26,3863,2,4867.38
1.06,1264,0.1,1339.84
2.53,1437,0.9,3635.61
2.52,2094,0.9,5276.88
2.52,2276,0.9,5735.52
2.51,2696,0.9,6766.96
2.61,744,1.1,1941.84
2.69,683,1.8,1837.27
1.15,1121,3,1289.15
1.16,690,3,800.4
2.81,145,1,407.45
2.65,293,1,776.45
1.79,531,0.8,950.49
3.15,1047,2.8,3298.05
3.01,501,1.8,1508.01
2.84,303,0.1,860.52
3.04,515,0.1,1565.6
1.25,761,1.9,951.25
1.24,637,2.9,789.88
3.07,172,10.9,528.04
2.94,389,7,1143.66
0.57,1340,0.1,763.8
6.11,174,0.7,1063.14
0.85,759,7.1,645.15
0.85,378,29.1,321.3
1.95,1,331,1.95
2.45,228,3.8,558.6
4.94,140,10,691.6
2.94,8059,0,23693.46
2.94,821,0.9,2413.74
2.93,5825,0,17067.25
1.64,1370,3,2246.8
1.66,1766,0,2931.56
1.64,972,4.2,1594.08
1.63,4323,2,7046.49
1.66,684,2,1135.44
0.66,2024,2.9,1335.84
0.44,2260,56,994.4
0.69,635,7,438.15
0.32,4158,0.9,1330.56
0.27,2252,16,608.04
0.46,981,6.9,451.26
1.8,405,3.8,729
0.99,797,11,789.03
0.56,1687,0.8,944.72
0.58,1049,0.8,608.42
0.55,954,0.8,524.7
0.54,885,0.8,477.9
0.87,3851,0.7,3350.37
3.76,1328,3.9,4993.28
2.55,1355,0.8,3455.25
1.65,12,293.9,19.8
2.55,2837,1,7234.35
2.55,61,215,155.55
3.8,699,16,2656.2
0.85,8825,1,7501.25
0.86,7040,0.1,6054.4
4.21,306,2.9,1288.26
3,448,3.9,1344
2.99,159,3,475.41
2.99,781,1,2335.19
2.93,527,1.1,1544.11
3.01,316,1.1,951.16
2.96,324,1.1,959.04
2.98,452,0.7,1346.96
7.87,728,1,5729.36
7.8,695,0.8,5421
1.98,3507,0,6943.86
4.36,817,0.2,3562.12
4.32,220,3,950.4
4.26,444,3,1891.44
4.23,253,3,1070.19
4.29,193,3,827.97
1.95,1029,3.8,2006.55
1.84,1684,3.8,3098.56
2.12,6024,0.9,12770.88
2.13,1119,0.2,2383.47
2.12,3142,3.8,6661.04
1.66,9753,0.9,16189.98
1.65,11584,0.8,19113.6
1.65,11584,0.8,19113.6
1.65,10102,1,16668.3
2.03,8130,1,16503.9
2.02,19709,0,39812.18
1.99,229,0.7,455.71
2.36,261,0.9,615.96
1.6,146,0.9,233.6
2.01,483,0.8,970.83
1.67,154,0.1,257.18
1.32,134,0.8,176.88
0.64,1176,3,752.64
0.64,2467,0,1578.88
1.24,1112,7.1,1378.88
0.57,1392,2,793.44
0.63,1699,1,1070.37
0.59,1217,2,718.03
1.13,346,0.9,390.98
1.22,318,0.9,387.96
1.23,94,2.1,115.62
1.23,94,2.1,115.62
1.19,137,3,163.03
1.25,215,3,268.75
1.15,223,0.9,256.45
2.04,10176,0,20759.04
2.09,875,28.9,1828.75
2.96,3672,1,10869.12
8.28,251,2.9,2078.28
7.95,19,317.1,151.05
1.44,844,5,1215.36
1.44,844,5,1215.36
0.55,8057,1,4431.35
0.87,6102,1.8,5308.74
0.45,2806,0.7,1262.7
0.48,1199,1,575.52
0.46,1923,1.2,884.58
0.66,971,0.9,640.86
12.43,11555,0.1,143628.65
12.66,685,1,8672.1
4.96,428,1.9,2122.88
3.66,649,1.9,2375.34
5.91,1954,10.9,11548.14
7.01,218,2,1528.18
4.26,1162,1,4950.12
4.93,524,1,2583.32
1.97,1973,0.8,3886.81
1.95,1634,0.8,3186.3
1.95,1338,0.8,2609.1
1.97,761,0.9,1499.17
1.26,2668,2,3361.68
0.66,2090,2,1379.4
0.84,2737,2,2299.08
1.51,900,0.9,1359
0.69,1700,1,1173
0.42,5887,3,2472.54
2.1,991,0.8,2081.1
6.44,281,0.1,1809.64
7.95,151,125.9,1200.45
1.24,731,141,906.44
3.06,472,0.9,1444.32
3.26,161,0.8,524.86
3.09,75,0.1,231.75
3.2,187,3,598.4
3.33,359,15,1195.47
3.34,183,10.9,611.22
3.34,202,210.1,674.68
2.89,387,2.9,1118.43
2.92,334,0.9,975.28
2.92,228,23.1,665.76
4.88,1384,3,6753.92
2.97,8428,0.2,25031.16
2.57,513,233.1,1318.41
2.53,375,226.1,948.75
1.28,2362,0,3023.36
7.99,209,86.2,1669.91
1.59,3082,0,4900.38
1.54,1938,0,2984.52
1.93,2911,0,5618.23
1.93,2911,0,5618.23
2.5,7542,0.2,18855
6.75,464,3,3132
1.64,16640,0.1,27289.6
2.96,9523,0.8,28188.08
4.32,359,1.9,1550.88
4.77,291,0.9,1388.07
4.24,437,0.9,1852.88
4.59,212,1,973.08
4.64,281,0.8,1303.84
4.96,803,0.2,3982.88
1.26,1289,11,1624.14
1.26,1417,2.1,1785.42
1.26,1078,7.7,1358.28
1.24,613,102.9,760.12
1.04,694,0,721.76
1.24,448,157,555.52
2.98,725,1.9,2160.5
12.63,456,0.2,5759.28
9.02,46,2.9,414.92
9.76,699,1,6822.24
1.65,2876,1,4745.4
0.43,9312,0.1,4004.16
0.86,3898,0.1,3352.28
0.66,25880,0.8,17080.8
1.7,2081,0.8,3537.7
1.34,850,2.9,1139
2.6,236,0.1,613.6
2.68,239,0.2,640.52
4.25,178,3.9,756.5
5.95,229,1,1362.55
5.95,1730,2.9,10293.5
4.05,240,0.1,972
9.75,1094,32.9,10666.5
11,1413,75,15543
11,1413,75,15543
23.38,51,12.1,1192.38
22.8,155,3.8,3534
4.93,1360,0,6704.8
4.94,2779,0.7,13728.26
3.84,1494,2.9,5736.96
11.65,189,0.8,2201.85
2.44,210,1,512.4
2.33,245,1,570.85
2.68,118,3,316.24
3.78,135,0.2,510.3
2.1,261,9.8,548.1
2.1,235,2.9,493.5
2.09,171,12,357.39
2.1,186,3,390.6
2.08,333,207,692.64
2.08,370,185.3,769.6
0.85,705,206.1,599.25
0.85,607,222.1,515.95
0.85,911,1,774.35
0.85,832,4,707.2
1.25,592,199.2,740
1.25,458,234.9,572.5
12.72,106,2,1348.32
0.42,816,0.7,342.72
0.42,3490,0.8,1465.8
0.42,3293,0.9,1383.06
0.41,1063,0.9,435.83
0.41,1721,1,705.61
0.42,4329,1,1818.18
0.42,1668,7,700.56
0.41,4601,0.8,1886.41
0.42,1770,4,743.4
0.41,387,4,158.67
0.4,2824,0.1,1129.6
0.41,2450,1.9,1004.5
0.43,466,3.8,200.38
0.38,1436,0.7,545.68
0.41,4371,0.1,1792.11
0.4,1088,0.1,435.2
0.4,2064,0.8,825.6
0.44,736,0.8,323.84
1.26,1873,26,2359.98
1.52,2992,0,4547.84
3.83,1094,1,4190.02
1.66,7635,0.1,12674.1
1.64,3976,0.9,6520.64
1.65,7278,0.1,12008.7
1.65,5864,0,9675.6
1.66,5886,0,9770.76
1.68,4546,1,7637.28
1.6,8376,1,13401.6
1.36,387,3.8,526.32
1.27,8013,0.1,10176.51
1.66,5419,0.1,8995.54
1.26,1398,1,1761.48
1.26,2784,1,3507.84
1.26,2241,1,2823.66
0.92,818,3.8,752.56
0.89,834,1,742.26
1.35,2352,0,3175.2
3.78,2982,2,11271.96
3.74,2504,45.2,9364.96
3.74,2773,20.9,10371.02
0.85,2098,0.7,1783.3
0.85,1265,9.9,1075.25
0.91,2445,0.1,2224.95
0.9,1932,0.9,1738.8
1.94,616,3.9,1195.04
0.89,1413,0.1,1257.57
0.42,9683,1,4066.86
0.38,9497,1.9,3608.86
0.41,4712,10.9,1931.92
6.04,780,3.8,4711.2
0.74,1088,0.2,805.12
2.57,1017,1,2613.69
2.55,527,3,1343.85
2.58,2226,0.9,5743.08
2.58,2226,0.9,5743.08
1.26,6017,0,7581.42
0.85,748,1,635.8
0.85,845,1,718.25
2.94,410,3,1205.4
3.16,323,3.8,1020.68
3.64,315,3.8,1146.6
3.92,504,0.9,1975.68
0.91,1905,1,1733.55
0.92,1743,1,1603.56
0.86,6372,1,5479.92
0.86,6372,1,5479.92
1.17,3265,0.1,3820.05
0.51,2500,0.8,1275
0.51,2500,0.8,1275
0.48,809,0.8,388.32
0.48,1465,0.8,703.2
0.89,1512,0.9,1345.68
0.9,2234,2,2010.6
0.86,1922,2,1652.92
0.86,1922,2,1652.92
0.89,1282,0.9,1140.98
2.54,1173,1,2979.42
14.3,701,0.8,10024.3
15.12,294,0.8,4445.28
9.77,1265,0.8,12359.05
0.21,4926,2,1034.46
0.27,5600,3.8,1512
0.23,9146,2,2103.58
4.9,219,14,1073.1
0.85,1478,0,1256.3
0.35,2920,0.9,1022
0.33,2012,2,663.96
0.33,25321,1,8355.93
5.03,2124,0.1,10683.72
9.85,46,216.8,453.1
3.86,2373,0.8,9159.78
1.43,4489,1,6419.27
1.64,5844,0,9584.16
11.13,1282,0,14268.66
5.82,904,2,5261.28
8.58,1762,0,15117.96
8.42,1454,0,12242.68
8.51,495,0.8,4212.45
8.44,777,0,6557.88
4.93,754,0.2,3717.22
1.93,13865,0,26759.45
1.95,11070,0.9,21586.5
1.94,3342,0,6483.48
2.08,4377,0.1,9104.16
2.08,4377,0.1,9104.16
2.08,4720,0.1,9817.6
9.7,690,1.9,6693
9.78,573,1.9,5603.94
8.38,537,0.9,4500.06
2.52,2564,12.1,6461.28
2.25,254,1,571.5
2.48,763,2.1,1892.24
2.38,186,3.1,442.68
2.41,112,1.9,269.92
2.23,253,1,564.19
2.06,185,1,381.1
1.34,2043,0.1,2737.62
1.41,1740,0.1,2453.4
1.39,3896,0.1,5415.44
0.94,709,0.9,666.46
4.93,711,4.9,3505.23
1.44,797,3,1147.68
0.89,1992,1,1772.88
1.66,4849,15.1,8049.34
1.94,1042,2,2021.48
6.06,1025,1.8,6211.5
150.66,50,37.9,7533
143.65,20,58,2873
1.92,10772,0.9,20682.24
7.93,327,2,2593.11
0.84,5072,1.8,4260.48
1.66,6529,0.9,10838.14
2.05,3086,1,6326.3
2.12,630,0.1,1335.6
2.97,1197,16,3555.09
2.96,7222,0.2,21377.12
2.92,2777,0.2,8108.84
2.97,1905,1,5657.85
2.94,977,1,2872.38
1.27,1749,0.2,2221.23
1.71,918,1,1569.78
1.66,1366,0.9,2267.56
1.27,760,1,965.2
1.25,1261,0.8,1576.25
1.3,1149,0.9,1493.7
1.28,1029,6.8,1317.12
1.26,863,6.8,1087.38
1.27,740,2.9,939.8
1.28,637,2.9,815.36
1.27,715,7,908.05
1.28,615,3.8,787.2
1.26,607,2.9,764.82
1.28,563,7,720.64
1.25,451,7,563.75
1.25,533,7,666.25
1.26,835,0.9,1052.1
8.84,568,3.8,5021.12
7.96,700,0.9,5572
8.74,562,10.9,4911.88
7.88,1591,0.7,12537.08
7.94,341,1,2707.54
7.92,1375,0.8,10890
1.24,15868,0.2,19676.32
2.1,1560,0.1,3276
1.33,695,0,924.35
1.99,694,2,1381.06
2.94,6287,0.1,18483.78
2.93,5205,0,15250.65
2.92,8697,0.1,25395.24
2.34,1172,63,2742.48
2.27,420,1,953.4
1.79,1357,12,2429.03
1.61,168,0.8,270.48
0.42,5225,0,2194.5
0.42,1875,3,787.5
0.42,2025,2.1,850.5
0.42,1250,7.1,525
0.42,2750,1.1,1155
0.42,1325,1.1,556.5
0.42,4400,3,1848
0.42,2827,0,1187.34
0.44,4294,1.1,1889.36
0.42,3301,2.8,1386.42
0.42,3355,2.9,1409.1
0.42,1506,12,632.52
0.42,3088,0.1,1296.96
0.42,1170,10.9,491.4
0.42,1536,1.8,645.12
1.19,453,219,539.07
4.95,6864,0.2,33976.8
4.82,910,0,4386.2
3.92,5342,0.9,20940.64
3.75,1057,0.2,3963.75
3.8,1726,0.9,6558.8
3.79,5608,0,21254.32
3.77,7147,0,26944.19
3.79,5033,0,19075.07
3.76,2151,46,8087.76
3.76,2685,0,10095.6
1.35,1061,2,1432.35
1.34,1522,2,2039.48
1.33,1471,1.9,1956.43
2.89,2813,0.1,8129.57
1.74,673,3.8,1171.02
1.72,1089,0,1873.08
1.74,1187,1.1,2065.38
1.7,1877,0.9,3190.9
1.74,1578,1,2745.72
0.85,6625,74,5631.25
0.85,8277,0.9,7035.45
2.62,626,0.9,1640.12
2.81,861,0.9,2419.41
2.68,825,0.7,2211
2.11,1775,0.9,3745.25
2.13,1307,0.9,2783.91
2.1,879,0.2,1845.9
2.13,1882,0.9,4008.66
3.75,2223,0.2,8336.25
3.77,1958,0.9,7381.66
3.79,1512,1,5730.48
8.4,1530,0.8,12852
0.77,918,0.1,706.86
0.77,1802,0.1,1387.54
0.79,1577,0.1,1245.83
1.11,554,0.8,614.94
1.12,1008,0.7,1128.96
1.12,1122,0.7,1256.64
1.69,5183,9.1,8759.27
12.5,253,95.2,3162.5
24.47,32,6.9,783.04
14.74,127,2.1,1871.98
9.91,186,1.1,1843.26
24.95,2,259,49.9
13.26,25,366.8,331.5
2.95,3165,0.9,9336.75
9.86,726,0.9,7158.36
9.9,801,0.1,7929.9
23.75,-4,353.9,-95
14.91,79,4.9,1177.89
1.24,5723,1.9,7096.52
1.25,3342,7.1,4177.5
1.25,1852,2,2315
1.24,1991,2,2468.84
1.26,2586,1,3258.36
9.85,1023,1,10076.55
9.85,1023,1,10076.55
9.85,1023,1,10076.55
8.33,326,140.8,2715.58
8.33,326,140.8,2715.58
3.81,695,15,2647.95
3.81,695,15,2647.95
4.19,1510,1,6326.9
4.19,1315,1,5509.85
7.69,484,0.9,3721.96
19.36,241,2,4665.76
13.86,462,178.1,6403.32
4.97,1173,0.7,5829.81
6.39,212,0.1,1354.68
6.39,212,0.1,1354.68
5.93,108,1.9,640.44
9.8,199,177,1950.2
1.99,837,0.9,1665.63
1.23,7159,0.2,8805.57
0.86,2301,2.8,1978.86
7.94,295,0,2342.3
6.67,1082,0.7,7216.94
9.89,499,0.9,4935.11
17.07,132,2.2,2253.24
2.97,1598,0.1,4746.06
8.13,198,3,1609.74
3.79,759,0.8,2876.61
3.76,871,0.9,3274.96
18.06,66,2,1191.96
38.1,46,25.9,1752.6
2.98,2693,1.1,8025.14
2.98,2693,1.1,8025.14
1.25,1561,1,1951.25
2.63,243,1,639.09
2.78,676,0.1,1879.28
2.86,302,0.1,863.72
3.12,1174,0.9,3662.88
3.15,854,3.8,2690.1
3.01,774,0.1,2329.74
2.14,1550,3.9,3317
2.14,1550,3.9,3317
2.06,2265,2,4665.9
2.06,2265,2,4665.9
0.42,1581,1.9,664.02
0.42,1810,2.1,760.2
0.42,3438,0,1443.96
0.42,1858,4.9,780.36
0.42,3066,0.7,1287.72
0.42,1848,1,776.16
0.65,759,8.1,493.35
0.66,822,7.8,542.52
5.95,415,0.9,2469.25
118.08,24,24,2833.92
35.68,54,16.2,1926.72
7.86,68,11.9,534.48
115.39,54,7.1,6231.06
156.03,32,21.7,4992.96
156.43,10,23.1,1564.3
9.85,205,27.9,2019.25
21.77,131,327,2851.87
2.95,684,7.9,2017.8
10.73,148,9.9,1588.04
45.64,75,309,3423
1.88,4430,0,8328.4
4.86,2626,0.1,12762.36
4.62,955,75,4412.1
4.62,955,75,4412.1
14.73,524,0.7,7718.52
14.94,350,3.1,5229
7.92,871,0.9,6898.32
7.92,504,1,3991.68
6.65,553,3.9,3677.45
6.7,424,9.2,2840.8
8.53,798,0.9,6806.94
6.38,690,0.7,4402.2
16.35,601,1.1,9826.35
16.51,808,0.9,13340.08
16.51,808,0.9,13340.08
16.23,291,40,4722.93
16.24,293,50.1,4758.32
16.24,293,50.1,4758.32
0.86,2596,1.8,2232.56
4.25,349,0.9,1483.25
3.25,425,0.9,1381.25
4.92,747,78.1,3675.24
1.24,2496,100.9,3095.04
1.24,543,19,673.32
0.85,1156,46,982.6
1.64,1071,63.8,1756.44
1.65,1118,23.8,1844.7
1.65,552,20.9,910.8
1.65,292,233.9,481.8
4.25,143,318,607.75
2.93,680,3,1992.4
2.11,7992,0.1,16863.12
2.09,6019,0.7,12579.71
2.11,5948,0.7,12550.28
1.95,54,110,105.3
1.95,68,9.9,132.6
1.95,67,36.9,130.65
1.95,52,43.9,101.4
1.95,55,110,107.25
1.95,47,43.9,91.65
1.95,54,82.1,105.3
1.95,51,80.1,99.45
1.95,52,110,101.4
1.95,55,134.1,107.25
2.1,51,101,107.1
1.6,62,71,99.2
1.71,72,24,123.12
1.73,79,24,136.67
1.81,82,3.9,148.42
1.71,77,61,131.67
1.77,75,9,132.75
1.73,78,15,134.94
1.73,74,7.7,128.02
1.69,66,3.9,111.54
1.6,63,14.9,100.8
1.81,147,24,266.07
9.98,337,0.9,3363.26
4.57,316,1.8,1444.12
1.24,2365,17.1,2932.6
0.42,1443,1,606.06
9.7,291,0,2822.7
3.18,1974,1.8,6277.32
2.59,1480,1.8,3833.2
2.59,1480,1.8,3833.2
1.55,1256,0.7,1946.8
1.95,2201,1.8,4291.95
2.12,1978,0,4193.36
3.12,4364,0.9,13615.68
3.12,4364,0.9,13615.68
2.05,1188,5,2435.4
2.76,153,7,422.28
2.98,1766,22,5262.68
2.75,478,1,1314.5
1.64,1628,0,2669.92
0.85,6062,0,5152.7
0.85,4231,0,3596.35
0.85,7863,0.1,6683.55
2.94,9082,0,26701.08
2.97,434,4.1,1288.98
4.93,264,10.9,1301.52
4.93,323,8.1,1592.39
4.93,423,0.9,2085.39
0.4,2874,0,1149.6
0.65,1807,1,1174.55
0.65,1846,1,1199.9
0.65,1764,1,1146.6
0.65,1657,1,1077.05
0.65,1802,1,1171.3
0.65,1636,1,1063.4
0.85,1320,1.1,1122
0.84,1105,0.9,928.2
0.85,1031,1.1,876.35
5.98,419,42.1,2505.62
5.94,554,213.2,3290.76
5.94,381,70.8,2263.14
6.36,245,0.9,1558.2
64.06,16,44,1024.96
2.56,945,0.9,2419.2
2.55,794,1,2024.7
2.5,752,1,1880
2.5,752,1,1880
2.91,720,4,2095.2
2.92,557,44.8,1626.44
3.16,601,1,1899.16
3.29,186,1,611.94
2.61,928,2.2,2422.08
2.61,928,2.2,2422.08
2.61,928,2.2,2422.08
1.94,2261,1,4386.34
5.27,434,3.1,2287.18
5.27,434,3.1,2287.18
4.34,1867,1,8102.78
8.45,1521,0,12852.45
7.52,505,0.1,3797.6
4.96,1252,3.1,6209.92
0.53,2691,2.9,1426.23
0.89,2683,3.8,2387.87
16.29,353,0.9,5750.37
10.26,531,9.9,5448.06
0.92,1450,1.1,1334
1.45,933,10,1352.85
1.45,933,10,1352.85
1.44,4855,32.1,6991.2
1.44,4855,32.1,6991.2
0.56,7127,0.9,3991.12
0.54,14447,0.1,7801.38
0.54,14447,0.1,7801.38
1.28,460,1,588.8
1.28,460,1,588.8
1.25,164,14.9,205
2,1149,0.2,2298
2.04,1851,0.1,3776.04
2.93,1723,71,5048.39
0.42,4576,1,1921.92
4.18,7916,0.8,33088.88
1.47,14724,0.9,21644.28
0.85,3595,3.9,3055.75
0.84,2956,3.9,2483.04
0.84,2956,3.9,2483.04
2.13,2500,0.8,5325
2.13,1292,2,2751.96
2.13,1292,2,2751.96
1.26,7199,0.8,9070.74
2.93,1139,1.9,3337.27
9.72,709,25,6891.48
1.45,11952,1,17330.4
2.49,4230,0.9,10532.7
2.52,2349,1,5919.48
1.65,1681,1,2773.65
1.65,1681,1,2773.65
1.67,1170,1.9,1953.9
1.68,1503,3.9,2525.04
1.28,1117,2,1429.76
1.26,1010,0,1272.6
1.26,904,3.8,1139.04
3.75,2332,5,8745
1.49,3829,0.9,5705.21
1.67,2208,1,3687.36
1.45,430,1.9,623.5
1.31,1021,1,1337.51
0.43,4905,2,2109.15
0.42,2678,2.9,1124.76
0.42,3750,0.1,1575
0.42,3750,0.1,1575
0.42,4076,1,1711.92
0.42,4076,1,1711.92
0.42,100,98.2,42
1.26,8709,0.9,10973.34
3.23,2673,0.7,8633.79
4.77,481,0.7,2294.37
2.05,3002,0,6154.1
1.96,4207,0,8245.72
1.26,11724,0,14772.24
0.42,2077,0.2,872.34
0.42,2187,0.8,918.54
0.42,4526,0.8,1900.92
0.42,2449,2.1,1028.58
0.43,11592,0.2,4984.56
0.42,2872,0.8,1206.24
0.42,2872,0.8,1206.24
0.42,3005,0.2,1262.1
0.42,1950,0.2,819
0.42,541,180.1,227.22
0.43,1678,0.2,721.54
0.42,4395,0.8,1845.9
0.42,1621,2.9,680.82
16.53,444,0.7,7339.32
16.44,414,5,6806.16
16.43,209,1.9,3433.87
16.49,282,5,4650.18
3.88,1009,1,3914.92
3.89,860,1,3345.4
3.91,791,0.9,3092.81
8.25,30,14.9,247.5
8.25,30,14.9,247.5
7.67,66,3,506.22
12.19,63,17.9,767.97
12.3,50,22.9,615
8.08,81,1,654.48
12.33,170,1,2096.1
12.33,170,1,2096.1
4.13,118,3,487.34
2.03,386,3.9,783.58
1.7,270,4,459
2.71,252,25,682.92
2.12,311,7.1,659.32
2.11,490,2,1033.9
2.08,287,7.1,596.96
1.66,1240,36.9,2058.4
1.66,1240,36.9,2058.4
1.65,1256,0.9,2072.4
1.65,1256,0.9,2072.4
1.65,1226,1.9,2022.9
1.65,1226,1.9,2022.9
1.65,2218,8.2,3659.7
1.65,2218,8.2,3659.7
1.44,685,0.1,986.4
1.44,941,0.1,1355.04
1.45,2080,1.8,3016
1.45,2080,1.8,3016
1.25,183,3,228.75
1.73,193,0,333.89
1.23,41,3.8,50.43
1.94,186,4.1,360.84
5.73,246,0.1,1409.58
5.73,246,0.1,1409.58
4.15,236,0.1,979.4
4.15,236,0.1,979.4
6.65,89,7.7,591.85
6.25,75,15,468.75
6.25,75,15,468.75
4.15,103,8,427.45
4.15,103,8,427.45
4.15,96,9.9,398.4
4.15,96,9.9,398.4
6.62,347,3.9,2297.14
5.75,58,15,333.5
5.75,58,15,333.5
4.19,532,3.9,2229.08
8.25,432,7.9,3564
8.24,458,3.9,3773.92
8.24,333,4,2743.92
8.25,570,6.9,4702.5
8.23,318,1.1,2617.14
8.24,267,4,2200.08
5.27,225,22.9,1185.75
5.91,386,16,2281.26
5.91,386,16,2281.26
4.39,340,22.9,1492.6
4.39,340,22.9,1492.6
1.11,486,2,539.46
2.08,244,2,507.52
1.25,961,2.9,1201.25
1.25,961,2.9,1201.25
42.17,149,18,6283.33
12.47,256,20.9,3192.32
12.47,256,20.9,3192.32
8.23,244,63,2008.12
8.23,244,63,2008.12
4.15,277,2,1149.55
2.48,805,3,1996.4
2.48,805,3,1996.4
6.25,89,5,556.25
4.15,147,5,610.05
10.39,241,44,2503.99
10.39,241,44,2503.99
10.27,254,44,2608.58
12.41,141,7.7,1749.81
2.06,219,1,451.14
4.15,436,1,1809.4
4.15,436,1,1809.4
1.24,7892,1,9786.08
1.24,9602,0,11906.48
1.25,6559,2,8198.75
8.94,236,1.9,2109.84
8.94,236,1.9,2109.84
8.35,992,0.7,8283.2
8.33,448,1,3731.84
8.33,448,1,3731.84
3.72,2237,0.2,8321.64
3.76,1797,0.8,6756.72
2.01,27094,0,54458.94
10.05,361,0.7,3628.05
1.23,1178,4.1,1448.94
1.23,1178,4.1,1448.94
1.24,815,14,1010.6
1.31,760,2,995.6
1.77,2121,1.9,3754.17
0.86,2121,2,1824.06
6.29,563,28.8,3541.27
6.29,563,28.8,3541.27
7.8,499,1,3892.2
2.47,913,7.1,2255.11
12.5,145,18,1812.5
1.73,1007,3.8,1742.11
6.59,124,1.9,817.16
1.25,2092,1,2615
0.83,1948,1,1616.84
0.83,1245,5,1033.35
1.65,3911,0.1,6453.15
1.65,3911,0.1,6453.15
12.31,116,2,1427.96
12.31,116,2,1427.96
2.77,271,1,750.67
2.77,271,1,750.67
2.74,340,0.9,931.6
2.74,340,0.9,931.6
6.14,2130,0.9,13078.2
2.9,2229,1,6464.1
2.9,2229,1,6464.1
5.72,613,0,3506.36
12.29,272,0,3342.88
7.45,439,1.9,3270.55
4.93,192,1.9,946.56
4.93,141,0.9,695.13
4.93,147,1.9,724.71
4.91,72,3.9,353.52
4.95,84,2.9,415.8
7.46,741,0.1,5527.86
0.65,2120,3.8,1378
0.42,1576,3,661.92
0.42,2465,3,1035.3
0.82,2090,0.1,1713.8
0.82,894,1,733.08
1.24,503,59,623.72
1.24,405,11.9,502.2
5.01,1073,0,5375.73
5.01,1073,0,5375.73
5.01,1073,0,5375.73
4.97,701,0.2,3483.97
4.97,701,0.2,3483.97
4.97,429,1,2132.13
4.97,429,1,2132.13
4.42,941,3.8,4159.22
4.23,909,4.9,3845.07
4.23,909,4.9,3845.07
4.21,888,0.7,3738.48
4.21,888,0.7,3738.48
4.21,888,0.7,3738.48
5.74,1018,0.7,5843.32
7.99,758,0.8,6056.42
7.67,1064,82,8160.88
5.19,1538,0.8,7982.22
3.73,127,3,473.71
3.45,80,2,276
1.45,863,16.9,1251.35
1.26,395,1.9,497.7
4.25,148,25.9,629
3.59,68,0.2,244.12
10.3,114,12,1174.2
7.18,25,0.1,179.5
0.84,4850,0.1,4074
0.96,2043,0,1961.28
0.96,2043,0,1961.28
3.28,731,4,2397.68
1.45,1830,0.9,2653.5
0.83,2105,0.9,1747.15
0.83,2105,0.9,1747.15
2.49,86,10,214.14
2.49,138,3.9,343.62
1.98,60,0.1,118.8
3.74,538,5,2012.12
3.79,244,0.9,924.76
2.08,2411,1.9,5014.88
0.82,1937,0.9,1588.34
2.09,1614,0.9,3373.26
2.13,2543,10,5416.59
2.17,2478,0.9,5377.26
2.08,2258,10.9,4696.64
1.23,1398,13.9,1719.54
1.23,1596,10.1,1963.08
3.75,1362,3.8,5107.5
2.43,1659,1.1,4031.37
4.92,563,4.9,2769.96
1.63,2852,0.2,4648.76
1.22,3422,0.2,4174.84
0.83,5141,0,4267.03
1.23,2796,0,3439.08
1.23,2796,0,3439.08
4.11,1360,2.8,5589.6
4.11,1360,2.8,5589.6
1.65,5857,0.7,9664.05
1.67,5869,0.7,9801.23
1.64,3586,0.7,5881.04
9.69,2614,0.1,25329.66
4.13,2868,1,11844.84
3.19,2986,2.9,9525.34
2.26,2045,1.1,4621.7
2.24,2411,4,5400.64
2.82,307,0.2,865.74
2.93,304,0.9,890.72
4.77,103,0.7,491.31
8.19,181,8,1482.39
0.88,3400,0,2992
4.05,171,15,692.55
5.1,765,0.2,3901.5
0.35,322,3,112.7
0.35,1970,2.2,689.5
0.33,2301,35.8,759.33
1.7,3084,0.9,5242.8
1.7,3084,0.9,5242.8
2.86,1214,1,3472.04
1.65,1676,0.1,2765.4
1.67,2173,0.9,3628.91
1.67,2173,0.9,3628.91
1.65,3283,1,5416.95
2.26,1835,0.1,4147.1
2.25,1717,0.1,3863.25
2.25,1717,0.1,3863.25
1.44,1747,0.9,2515.68
1.44,1747,0.9,2515.68
1.44,1747,0.9,2515.68
1.44,1747,0.9,2515.68
1.54,1343,0,2068.22
1.54,1343,0,2068.22
1.48,3003,0.2,4444.44
2.06,13164,0,27117.84
2.07,6599,1.9,13659.93
2.06,11946,0,24608.76
2.08,10474,0.9,21785.92
2.05,18926,0.1,38798.3
2.05,18926,0.1,38798.3
2.05,18926,0.1,38798.3
0.84,6853,0.1,5756.52
0.85,4961,0,4216.85
0.85,4961,0,4216.85
1.64,11507,0.8,18871.48
1.65,7106,0.1,11724.9
1.64,6152,0.9,10089.28
1.65,12964,0.8,21390.6
1.65,12964,0.8,21390.6
1.65,12964,0.8,21390.6
1.24,2603,0.1,3227.72
1.24,2184,1,2708.16
1.24,2119,0.9,2627.56
1.24,2119,0.9,2627.56
1.24,1583,0.9,1962.92
2.18,777,1,1693.86
2.18,777,1,1693.86
2.14,3427,0,7333.78
1.35,518,2.9,699.3
1.4,1290,2.9,1806
1.38,372,7.7,513.36
1.31,404,2.9,529.24
0.91,930,1,846.3
0.91,1403,1,1276.73
0.96,764,0.9,733.44
0.94,747,1,702.18
0.93,705,1,655.65
0.95,1225,3.8,1163.75
1.24,1151,4,1427.24
1.27,1586,0.8,2014.22
1.39,1253,1,1741.67
3.78,1793,0,6777.54
3.78,1793,0,6777.54
0.42,7900,0.9,3318
0.42,7225,0.9,3034.5
0.42,7225,0.9,3034.5
0.42,7225,0.9,3034.5
0.42,8575,1,3601.5
0.42,8575,1,3601.5
0.42,5150,1.1,2163
2.91,1835,0.9,5339.85
2.75,715,0.2,1966.25
2.75,715,0.2,1966.25
2.93,2426,0.9,7108.18
2.93,2426,0.9,7108.18
2.93,2426,0.9,7108.18
2.93,2426,0.9,7108.18
4.13,1027,0,4241.51
4.13,1027,0,4241.51
4.13,1772,0,7318.36
3.92,795,0.2,3116.4
4.13,4053,0.2,16738.89
4.13,4053,0.2,16738.89
4.13,4053,0.2,16738.89
2.08,2017,1,4195.36
2.07,1409,1.9,2916.63
4.89,4548,0.2,22239.72
1.97,916,2.2,1804.52
1.97,916,2.2,1804.52
1.97,916,2.2,1804.52
4.93,5766,0,28426.38
2.97,2014,0.9,5981.58
1.64,747,2,1225.08
1.64,747,2,1225.08
1.24,982,1,1217.68
1.24,982,1,1217.68
1.24,1588,0.2,1969.12
1.24,1588,0.2,1969.12
3.74,557,1,2083.18
3.74,557,1,2083.18
15.67,212,1,3322.04
15.67,212,1,3322.04
4.14,1644,0,6806.16
4.14,1644,0,6806.16
4.16,954,0,3968.64
4.15,1930,0,8009.5
4.15,1930,0,8009.5
1.32,3700,1,4884
1.32,1844,1,2434.08
1.32,1665,0.9,2197.8
1.31,1963,0.9,2571.53
1.25,1110,1,1387.5
1.5,1615,19.1,2422.5
1.45,755,0.8,1094.75
1.43,1256,0.1,1796.08
0.84,1622,1.9,1362.48
0.84,1622,1.9,1362.48
1.56,352,0.2,549.12
1.68,924,1.1,1552.32
1.74,1139,0.1,1981.86
1.29,3565,0,4598.85
0.83,1993,0.7,1654.19
0.83,1993,0.7,1654.19
0.82,1270,0.7,1041.4
0.82,1270,0.7,1041.4
0.87,753,3.8,655.11
0.87,753,3.8,655.11
7.91,960,0.7,7593.6
7.91,960,0.7,7593.6
7.91,5117,0.8,40475.47
0.85,4677,6.9,3975.45
0.85,4852,1.9,4124.2
0.85,1731,3,1471.35
0.85,4487,3.9,3813.95
1.25,1541,1.8,1926.25
1.24,2357,0.9,2922.68
1.27,1539,0.9,1954.53
1.26,2061,0.9,2596.86
1.26,2061,0.9,2596.86
0.82,8211,0,6733.02
0.82,4279,1.8,3508.78
0.82,5950,0.7,4879
1.24,4852,0.7,6016.48
1.64,4234,16.8,6943.76
4.91,7675,0,37684.25
4.91,7675,0,37684.25
3.79,975,10,3695.25
3.79,975,10,3695.25
1.66,6151,0.2,10210.66
1.66,7626,0.1,12659.16
1.58,1445,0.2,2283.1
1.95,65,4.1,126.75
1.95,71,3,138.45
1.95,82,3,159.9
1.46,2685,5,3920.1
1.46,2685,5,3920.1
0.56,11587,0.9,6488.72
0.56,5967,0.8,3341.52
0.57,7639,0.9,4354.23
0.43,11891,0.8,5113.13
2.55,2190,2,5584.5
4.14,1364,2.1,5646.96
4.95,2742,0,13572.9
12.44,388,0.8,4826.72
9.81,190,3,1863.9
9.82,235,0.9,2307.7
9.87,162,0,1598.94
2.45,3479,0,8523.55
2.46,3423,0,8420.58
2.66,2622,0.1,6974.52
1.64,4244,1,6960.16
2.95,2845,1,8392.75
2.1,1423,1,2988.3
2.06,346,11.9,712.76
2.06,346,11.9,712.76
1.63,426,11.9,694.38
1.63,426,11.9,694.38
0.62,3370,0,2089.4
0.62,1702,3.9,1055.24
3.72,2059,0,7659.48
1.65,1709,0.8,2819.85
1.25,1755,0.8,2193.75
0.63,1492,0.8,939.96
1.65,1994,1.9,3290.1
1.25,2018,1.9,2522.5
0.63,2154,0,1357.02
2.07,347,1,718.29
2.11,200,1,422
2.08,169,1,351.52
2.08,399,0,829.92
2.08,150,1,312
1.65,2465,1,4067.25
8.46,282,0.9,2385.72
8.48,366,2,3103.68
8.48,366,2,3103.68
2.08,4637,0,9644.96
2.07,8692,0,17992.44
1.24,2391,0.9,2964.84
1.24,2565,0.9,3180.6
1.25,793,1.9,991.25
2.07,657,7,1359.99
1.25,2845,0.1,3556.25
1.25,2581,0,3226.25
1.24,2974,0.1,3687.76
1.25,1596,0.1,1995
0.83,3723,0,3090.09
0.83,3298,1.9,2737.34
4.87,5290,0,25762.3
5.89,2343,0,13800.27
4.45,435,0.7,1935.75
3.45,526,0.2,1814.7
1.93,979,1,1889.47
1.93,979,1,1889.47
1.94,1151,1,2232.94
1.94,1151,1,2232.94
0.65,1531,2,995.15
0.65,1923,1,1249.95
0.65,1923,1,1249.95
0.65,1923,1,1249.95
0.65,2769,0.1,1799.85
0.65,2149,1,1396.85
1.24,901,1,1117.24
1.25,1358,0.9,1697.5
1.25,1358,0.9,1697.5
1.25,1358,0.9,1697.5
1.24,1505,0.1,1866.2
1.24,1280,1.8,1587.2
0.82,1563,4,1281.66
0.82,2428,1,1990.96
0.82,1326,0.9,1087.32
0.39,2618,0,1021.02
0.39,1195,3,466.05
0.39,3419,1,1333.41
0.39,1175,3,458.25
0.39,2123,0.9,827.97
0.39,2123,0.9,827.97
0.39,1487,0.9,579.93
3.71,1695,0.1,6288.45
4.14,793,0.1,3283.02
4.14,793,0.1,3283.02
4.14,1048,0,4338.72
4.14,1048,0,4338.72
4.14,724,0.1,2997.36
4.14,724,0.1,2997.36
4.14,361,1,1494.54
4.14,361,1,1494.54
2.07,568,1.1,1175.76
3.75,748,2.9,2805
3.75,395,0.8,1481.25
3.75,689,0.8,2583.75
3.75,612,0.8,2295
3.75,612,0.8,2295
3.75,612,0.8,2295
9.85,428,10.9,4215.8
0.85,590,1,501.5
0.85,1823,1,1549.55
6.15,446,1.1,2742.9
6.1,440,0.8,2684
3.74,281,5,1050.94
3.74,281,5,1050.94
3.71,593,2,2200.03
4.87,940,0,4577.8
4.91,236,2.1,1158.76
6.15,432,2.9,2656.8
9.85,246,0.8,2423.1
2.08,296,2,615.68
3.73,201,4,749.73
8.03,35,14,281.05
4.92,216,6.8,1062.72
7.4,349,59.8,2582.6
4.88,148,1.1,722.24
4.88,148,1.1,722.24
4.88,148,1.1,722.24
9.9,135,8.8,1336.5
1.38,321,0.9,442.98
1.16,123,0.9,142.68
1.13,140,0.9,158.2
2.07,534,3,1105.38
2.08,437,2,908.96
2.08,160,5,332.8
2.08,154,5,320.32
2.08,196,4.9,407.68
3.75,197,3.9,738.75
4.93,412,0.2,2031.16
2.09,230,0.1,480.7
2.86,1226,1,3506.36
12.29,226,1.1,2777.54
8.11,68,0.2,551.48
8.15,44,0.2,358.6
8.15,35,0.2,285.25
0.83,1416,8.1,1175.28
0.83,1274,2.9,1057.42
0.83,1168,5,969.44
0.9,1782,2,1603.8
0.9,679,2,611.1
1.24,1914,4,2373.36
1.24,1914,4,2373.36
1.25,1907,0.1,2383.75
1.25,1907,0.1,2383.75
1.25,1796,0.1,2245
1.25,1796,0.1,2245
2.09,3762,0.1,7862.58
2.02,164,1.9,331.28
0.42,22,2,9.24
2.08,42,2,87.36
15.19,78,1,1184.82
0.83,2647,0.2,2197.01
1.58,157,1.9,248.06
1.6,158,1.9,252.8
1.65,25,9.1,41.25
1.25,12,23.8,15
1.94,269,1,521.86
1.95,509,0.9,992.55
1.94,323,1,626.62
4.14,164,0.9,678.96
4.14,164,0.9,678.96
2.87,206,1,591.22
2.87,206,1,591.22
4.12,156,5,642.72
4.12,156,5,642.72
4.92,105,1,516.6
4.92,105,1,516.6
14.95,46,0.7,687.7
12.5,30,1,375
9.91,103,3.9,1020.73
4.14,835,1.8,3456.9
19.74,59,0.8,1164.66
19.74,59,0.8,1164.66
9.95,12,0.2,119.4
4.95,16,0.2,79.2
8.25,28,14.9,231
8.25,28,14.9,231
8.22,48,1.9,394.56
8.22,48,1.9,394.56
3.29,23,2,75.67
8.25,19,15.9,156.75
4.12,316,1,1301.92
6.2,208,3.9,1289.6
9.76,65,6.8,634.4
14.79,55,2,813.45
0.83,666,1.9,552.78
0.83,297,1.9,246.51
0.83,280,1.9,232.4
1.25,198,8.9,247.5
1.25,85,8.9,106.25
1.23,278,7.9,341.94
7.78,110,0.9,855.8
3.7,1700,0,6290
1.24,217,3,269.08
1.64,415,2.9,680.6
1.23,1312,0.8,1613.76
2.86,174,4.9,497.64
2.86,174,4.9,497.64
24,241,0.8,5784
16.41,254,0.9,4168.14
9.88,69,0.9,681.72
2.89,876,0,2531.64
2.89,876,0,2531.64
3.74,536,0.9,2004.64
8.25,225,2,1856.25
8.25,74,4.1,610.5
1.95,3516,0.2,6856.2
5.93,661,1,3919.73
1.25,192,2,240
1.25,88,1.1,110
1.44,2502,0.8,3602.88
1.44,2502,0.8,3602.88
1.44,1591,0,2291.04
0.42,1247,1,523.74
1.24,1585,1,1965.4
1.24,1772,1,2197.28
1.25,690,2,862.5
1.25,690,2,862.5
1.25,3433,0.2,4291.25
1.25,1668,1,2085
1.24,1065,0.9,1320.6
0.42,2718,0.9,1141.56
0.42,2841,0.9,1193.22
0.42,2474,1.1,1039.08
0.42,1043,1.1,438.06
0.42,2298,0.9,965.16
2.07,521,1,1078.47
2.06,485,1,999.1
2.07,550,3.9,1138.5
2.07,452,5,935.64
2.07,558,0,1155.06
3.73,292,3.9,1089.16
2.87,312,4,895.44
2.87,352,6.9,1010.24
3.7,219,16.8,810.3
3.74,166,3.9,620.84
2.62,388,3,1016.56
2.62,388,3,1016.56
2.58,341,0.9,879.78
2.58,341,0.9,879.78
3.66,351,0.8,1284.66
3.66,351,0.8,1284.66
3.66,459,0.1,1679.94
3.66,459,0.1,1679.94
3.66,562,0.1,2056.92
3.66,562,0.1,2056.92
5.82,866,0.8,5040.12
5.82,866,0.8,5040.12
3.69,409,0.1,1509.21
3.69,409,0.1,1509.21
3.63,462,7.9,1677.06
3.63,462,7.9,1677.06
3.61,629,3.9,2270.69
3.61,629,3.9,2270.69
4.75,1043,0.2,4954.25
4.75,1043,0.2,4954.25
6.75,963,0.8,6500.25
4.47,205,1,916.35
5.15,210,0.2,1081.5
5.88,1200,1,7056
5.88,1200,1,7056
5.87,1127,0.1,6615.49
5.87,1127,0.1,6615.49
5.87,1127,0.1,6615.49
5.87,609,1,3574.83
5.87,609,1,3574.83
4.84,98,0.1,474.32
4.84,98,0.1,474.32
4.8,327,1,1569.6
5.8,237,3.8,1374.6
5.8,237,3.8,1374.6
6.14,146,3,896.44
6.14,146,3,896.44
8.11,827,9,6706.97
8.11,827,9,6706.97
8.04,478,0.8,3843.12
8.04,478,0.8,3843.12
7.86,1228,0.8,9652.08
7.86,1228,0.8,9652.08
7.56,163,3,1232.28
0.42,2475,0.9,1039.5
0.42,2475,0.9,1039.5
0.42,3275,0.9,1375.5
0.42,1575,2.9,661.5
0.42,1075,1,451.5
0.42,1300,8.1,546
0.42,1850,0,777
0.39,1617,0.8,630.63
2.06,1731,0,3565.86
12.38,558,0.8,6908.04
12.39,421,1,5216.19
12.41,422,1,5237.02
12.39,437,1,5414.43
12.39,347,1,4299.33
12.41,413,1,5125.33
2.07,566,1.8,1171.62
2.87,164,1.1,470.68
2.86,167,0,477.62
2.88,245,0,705.6
1.25,587,3,733.75
1.25,343,3,428.75
1.24,782,3.9,969.68
1.25,186,6.9,232.5
1.24,579,3.9,717.96
4.95,931,0.8,4608.45
1.25,1846,0,2307.5
1.65,2036,0.1,3359.4
7.5,12,2.1,90
1.94,164,0.8,318.16
1.94,185,0.8,358.9
1.95,56,1,109.2
1.94,151,0.9,292.94
1.95,111,1.9,216.45
2.06,4251,0,8757.06
2.07,4326,0.9,8954.82
1.64,3305,0.8,5420.2
2.91,242,0.8,704.22
2.93,421,0.1,1233.53
2.99,0,78.2,0
1.65,277,0.7,457.05
1.65,184,0.9,303.6
1.65,1,27.9,1.65
1.64,1548,0,2538.72
0.42,1175,1.9,493.5
0.42,1175,1.9,493.5
0.42,50,9.1,21
0.42,348,0.8,146.16
0.42,727,0.8,305.34
0.42,438,0.8,183.96
8.5,4,23.1,34
2.08,0,0.1,0
3.63,157,1.8,569.91
3.15,91,358.1,286.65
4.98,445,0.1,2216.1
5.17,357,276.9,1845.69
5.14,124,1.8,637.36
5.45,1,364,5.45
0.42,811,2.9,340.62
0.42,772,2.9,324.24
4.79,89,219.9,426.31
2.32,16,67.9,37.12
0.19,19,372,3.61
8.8,-6,15.9,-52.8
0.85,7,14.9,5.95
0.48,1666,0.1,799.68
1.25,5,19,6.25
1.25,1,368,1.25
1.25,1,368,1.25
0.38,46,98.9,17.48
2.95,9,18.9,26.55
1.28,554,8.8,709.12
2.95,2,15,5.9
0.75,659,5,494.25
3.03,209,5,633.27
2.57,186,5,478.02
0.19,24,357.8,4.56
0.19,96,85.1,18.24
1.25,8,359,10
1.25,24,361.1,30
1.25,24,361.1,30
2.62,166,12,434.92
2.52,28,12,70.56
3.55,38,19,134.9
1.95,56,19,109.2
4.25,4,50,17
1.43,513,8.8,733.59
1.25,13,273,16.25
0.99,789,0.9,781.11
3.1,16,29,49.6
4.95,1,130.1,4.95
1.83,318,28.9,581.94
2.95,47,120.1,138.65
1.1,389,184.1,427.9
1.68,8,242,13.44
1.02,603,40,615.06
1.16,134,8.9,155.44
0.72,162,74.1,116.64
0.38,78,115,29.64
1.46,18,119.1,26.28
1.46,18,119.1,26.28
0.38,31,37.9,11.78
0.38,264,4,100.32
0.38,268,8.9,101.84
0.5,95,25.9,47.5
2.95,-1,360.1,-2.95
1.25,37,14.9,46.25
2.95,8,227,23.6
2.95,8,178,23.6
1.95,20,256,39
1.95,13,33,25.35
1.1,205,34.9,225.5
2.1,17,295.9,35.7
1.23,249,40.1,306.27
0.85,35,33,29.75
1.24,136,50.9,168.64
1.65,91,256,150.15
1.65,49,247.1,80.85
0.85,20,110.1,17
0.85,6,110.1,5.1
0.85,54,110.1,45.9
1.25,67,238.2,83.75
1.25,53,141,66.25
4.95,28,245.1,138.6
0.48,1264,8,606.72
1.96,545,16.8,1068.2
0.38,222,33,84.36
0.5,2993,1,1496.5
0.26,1124,29.9,292.24
0.3,462,339,138.6
0.85,12,364.9,10.2
0.85,2691,0.8,2287.35
0.43,624,0.8,268.32
1.39,157,94.1,218.23
0.38,27,107.1,10.26
0.4,381,1,152.4
0.37,145,37.9,53.65
1.73,4574,0.9,7913.02
1.4,406,8,568.4
1.25,96,32.9,120
0.42,1371,29,575.82
0.39,6,262,2.34
3.59,14,220.1,50.26
0.4,2039,3.8,815.6
0.8,1379,98,1103.2
1.49,62,274.9,92.38
0.39,4,264,1.56
1.24,2485,17,3081.4
1.25,6,323.9,7.5
0.41,701,3.8,287.41
0.54,78,266.1,42.12
0.87,49,149.1,42.63
2.95,4,256.1,11.8
1.24,21,256.1,26.04
1.43,1228,2.8,1756.04
1.48,740,7.1,1095.2
1.48,1359,0.9,2011.32
9.71,512,1.9,4971.52
2.88,632,0.9,1820.16
1.25,1,368.9,1.25
0.25,27,10.9,6.75
1.25,3,356.8,3.75
0.52,128,60,66.56
0.39,64,50.9,24.96
0.85,12,205.1,10.2
9.76,57,7,556.32
9.79,17,49.9,166.43
0.9,127,177,114.3
0.58,130,31,75.4
0.62,489,240.1,303.18
0.29,68,240.1,19.72
0.39,28,240.1,10.92
0.49,33,18,16.17
0.65,31,18,20.15
0.78,23,85.9,17.94
0.48,40,4,19.2
1.65,4,144,6.6
1.65,8,144,13.2
1.65,2,144,3.3
3.73,379,1,1413.67
6.29,336,0,2113.44
6.95,100,107.1,695
10.75,-1,359.1,-10.75
2.55,2,368.1,5.1
0.79,736,31.2,581.44
1.22,147,186,179.34
0.85,12,17,10.2
0.51,5524,79,2817.24
1.25,50,53.1,62.5
0.42,15,12,6.3
0.42,24,77,10.08
0.42,9,142.1,3.78
0.85,14,94.9,11.9
0.85,20,50.1,17
0.85,36,108.1,30.6
0.21,643,0,135.03
0.42,539,1.9,226.38
0.42,539,1.9,226.38
1.34,52,109.9,69.68
0.79,12,151.9,9.48
0.94,52,73.9,48.88
4.25,2,301.8,8.5
2.95,3,47,8.85
1.55,1007,1.9,1560.85
4.25,17,96,72.25
1.45,101,1.9,146.45
1.45,1507,0.9,2185.15
1.25,107,5,133.75
0.19,12,279.9,2.28
0.85,193,3,164.05
1.25,48,205.1,60
1.01,30,25.9,30.3
16.95,24,4.1,406.8
4.95,14,30.8,69.3
4.95,15,3,74.25
4.95,11,7.1,54.45
4.95,12,82.1,59.4
4.95,14,11,69.3
4.95,19,7.1,94.05
0.2,14,234,2.8
0.14,31,171.9,4.34
2.1,2,37.9,4.2
0.62,518,169.2,321.16
1.33,265,3,352.45
1.33,265,3,352.45
1.75,27,184.1,47.25
1.25,45,8.8,56.25
0.97,159,123.9,154.23
0.97,44,190.2,42.68
0.7,97,98.9,67.9
2.87,38,33,109.06
3.68,57,44.1,209.76
2.95,8,24.9,23.6
3.9,3,10.9,11.7
0.19,202,4.9,38.38
0.42,975,1,409.5
0.42,554,7.7,232.68
0.64,359,1,229.76
0.7,264,4,184.8
1.85,692,2.9,1280.2
0.84,222,9.8,186.48
0.51,2718,11,1386.18
1.14,96,2,109.44
7.95,1,371,7.95
1.24,944,0.2,1170.56
1.09,1946,29.8,2121.14
0.14,827,10,115.78
2.33,2600,235,6058
1.28,1974,0.2,2526.72
1.3,195,1,253.5
4.87,15027,0.9,73181.49
4.83,867,5,4187.61
5.94,584,3.8,3468.96
10.4,180,254.9,1872
1.21,421,62.9,509.41
4.25,4,205.1,17
0.85,198,5,168.3
2.1,1,369,2.1
2.57,318,0.7,817.26
3.75,102,8,382.5
2.55,21,16.1,53.55
5.45,13,199.1,70.85
5.47,1926,7,10535.22
5.41,2261,2,12232.01
1.65,38,319.1,62.7
1.97,3142,1,6189.74
0.59,33,254.9,19.47
0.49,1663,1.9,814.87
1.95,43,15,83.85
1.95,87,31.1,169.65
2.07,2403,6.9,4974.21
2.08,1399,6.9,2909.92
7.79,1105,0.2,8607.95
7.71,1416,1,10917.36
7.96,857,0.8,6821.72
7.8,3613,0.1,28181.4
7.75,1783,3.1,13818.25
7.78,1969,0.7,15318.82
7.9,2755,0.7,21764.5
7.82,3717,0,29066.94
7.91,2023,2.8,16001.93
7.95,3268,0.7,25980.6
3.43,509,1,1745.87
0.51,3549,1.1,1809.99
0.53,2256,0.7,1195.68
0.54,1852,3.8,1000.08
0.54,323,226.1,174.42
0.65,196,226.1,127.4
1.81,4402,2.8,7967.62
0.83,16,204,13.28
0.42,16,149.9,6.72
1.95,86,169,167.7
2.55,13,316.1,33.15
1.25,106,287.9,132.5
1.25,2,276.9,2.5
0.83,9,200.1,7.47
1.24,2620,0.9,3248.8
1.41,720,0.9,1015.2
5.4,234,11.1,1263.6
0.35,33,7,11.55
3.77,1600,1.9,6032
3.77,1600,1.9,6032
0.83,348,18,288.84
0.85,10,162.9,8.5
0.42,11,196.9,4.62
1.28,207,7.7,264.96
2.94,151,32,443.94
2.95,54,23,159.3
0.42,138,9.8,57.96
0.83,12812,0.1,10633.96
0.83,12812,0.1,10633.96
3.52,5424,0.7,19092.48
3.52,5424,0.7,19092.48
0.36,96,15,34.56
0.38,160,15,60.8
0.55,114,36.9,62.7
0.56,13,36.9,7.28
0.81,52,14.7,42.12
0.21,72,165,15.12
0.42,46,240,19.32
0.95,292,1,277.4
1.24,168,15.9,208.32
0.84,189,11.9,158.76
0.64,215,11.9,137.6
1.9,137,14.1,260.3
1.95,28,11.9,54.6
1.25,39,7,48.75
0.74,98,40,72.52
0.85,30,54.1,25.5
0.28,600,10.1,168
0.19,3317,0.2,630.23
2.08,689,0.9,1433.12
2.08,1248,1,2595.84
2.07,2057,2,4257.99
1.25,28,11,35
0.42,590,7,247.8
0.84,459,0.7,385.56
0.85,44,25.9,37.4
1.43,5776,1,8259.68
9.85,384,0.2,3782.4
0.85,137,1,116.45
2.1,16,1,33.6
1.65,7,309,11.55
2.23,80,2,178.4
2.57,388,0.9,997.16
2.93,128,14,375.04
2.32,140,1,324.8
2.27,126,1,286.02
2.55,86,11,219.3
2.32,453,0.1,1050.96
1.24,138,0.7,171.12
1.25,58,0.7,72.5
1.25,55,23.9,68.75
4.36,312,8.1,1360.32
3.91,568,34.8,2220.88
3.94,870,8.9,3427.8
4.16,528,33,2196.48
4.23,331,15.9,1400.13
4.23,347,15.9,1467.81
4.22,535,8.1,2257.7
1.45,49,1,71.05
3.12,18,3.8,56.16
3.75,-2,317,-7.5
1.25,803,53,1003.75
0.94,1024,16,962.56
0.6,1785,38.9,1071
2.19,208,0.7,455.52
1.65,11,301.9,18.15
0.8,172,11,137.6
1.65,25,327,41.25
1.09,6593,1.9,7186.37
1.57,488,249,766.16
1.53,93,157.9,142.29
0.97,455,2.9,441.35
2.12,1,180.1,2.12
1.23,386,263,474.78
5.57,34,64.2,189.38
1.95,8,68.1,15.6
1.33,191,10.9,254.03
0.82,3799,87.9,3115.18
0.49,25,205,12.25
0.55,461,28.7,253.55
0.55,461,28.7,253.55
0.56,1364,190.2,763.84
0.56,1364,190.2,763.84
0.34,791,2.1,268.94
0.34,791,2.1,268.94
0.38,52,114.9,19.76
0.19,235,1,44.65
0.19,189,11.9,35.91
0.9,727,0.1,654.3
3.71,143,354,530.53
2.95,20,179,59
0.41,108,11,44.28
0.41,64,52.1,26.24
0.42,18,3,7.56
0.42,11,10.9,4.62
0.85,4,3,3.4
0.85,5,35.8,4.25
2.06,438,1,902.28
2.95,2,16.9,5.9
0.53,1507,82.1,798.71
0.68,1669,32,1134.92
0.42,337,0.1,141.54
0.42,639,0.1,268.38
0.42,227,6.9,95.34
0.85,142,0.1,120.7
0.84,947,1.1,795.48
0.85,13,0.1,11.05
1.25,3,309.8,3.75
2.85,355,0.9,1011.75
4.95,-1,337.9,-4.95
5.43,9570,0,51965.1
6.75,0,301,0
6.75,-4,301,-27
6.75,-8,323.9,-54
1.01,12,242.9,12.12
0.8,26,246.1,20.8
0.38,36,97.9,13.68
0.61,638,153.9,389.18
0.85,89,7,75.65
0.22,140,36.1,30.8
0.29,117,114,33.93
0.53,21,148.9,11.13
0.53,21,148.9,11.13
0.19,200,136,38
0.19,367,11.9,69.73
0.19,11,144.1,2.09
0.19,28,141.1,5.32
3.82,1501,2.9,5733.82
3.82,1501,2.9,5733.82
3.75,16,25.9,60
3.67,41,15.9,150.47
3.67,51,15.9,187.17
7.65,7,253.9,53.55
2.65,8043,0.7,21313.95
6.69,2135,1,14283.15
7.46,5897,0.8,43991.62
8.68,2015,0.1,17490.2
8.68,2015,0.1,17490.2
2.93,5977,0.7,17512.61
1.49,2787,3,4152.63
1.47,2922,3.8,4295.34
2.06,497,1.1,1023.82
0.56,1944,1.9,1088.64
0.56,5215,1.9,2920.4
0.55,3728,0.2,2050.4
2.11,4271,0.9,9011.81
2.08,6343,1,13193.44
2.1,421,215.1,884.1
2.08,5795,0.2,12053.6
2.08,5795,0.2,12053.6
2.1,14,266.1,29.4
1.25,67,148,83.75
1.02,381,2.9,388.62
0.99,341,19.1,337.59
0.95,450,2.9,427.5
2.55,36,372.9,91.8
1.68,299,8,502.32
1.57,274,3,430.18
0.85,831,0.9,706.35
1.08,1092,0.7,1179.36
0.42,25,85.9,10.5
4.06,3688,0.2,14973.28
4,2455,0.1,9820
4.27,1420,0.7,6063.4
3.87,154,0.1,595.98
3.96,73,0.1,289.08
2.75,421,0.1,1157.75
2.64,588,0.1,1552.32
1.65,23,85.9,37.95
1.64,3125,38.1,5125
0.84,280,3,235.2
0.29,53215,0.2,15432.35
38.77,322,5,12483.94
2.95,15,3,44.25
2.95,140,9,413
1.25,115,4.9,143.75
0.21,129,3,27.09
0.19,13,14,2.47
0.19,5,103.1,0.95
0.19,24,14,4.56
0.19,5,19,0.95
0.19,8,14,1.52
0.62,10297,2.9,6384.14
1.94,122,253.1,236.68
0.83,49,184.1,40.67
0.42,1,269.9,0.42
0.42,283,10.2,118.86
0.42,283,10.2,118.86
0.65,105,35,68.25
2.95,60,5.1,177
2.95,60,5.1,177
0.42,336,148,141.12
2.95,12,53.9,35.4
0.42,108,241.1,45.36
2.95,22,11.9,64.9
0.48,160,38.9,76.8
0.19,145,74.9,27.55
0.19,24,249.9,4.56
0.19,180,1,34.2
3.74,175,175.1,654.5
3.74,323,8.1,1208.02
10.95,2,275,21.9
3.19,76,252.2,242.44
2.24,461,190.2,1032.64
0.5,618,23.9,309
2.6,-1460,0,-3796
16.79,29,78.9,486.91
5.65,337,0.1,1904.05
9.34,32,122.1,298.88
5.8,74,4,429.2
2.15,4136,1,8892.4
1.33,5947,1,7909.51
1.33,5230,0.1,6955.9
1.95,11,141.1,21.45
1.02,24,233.9,24.48
0.79,61,140.9,48.19
3.81,1876,3.9,7147.56
1.25,12,168.1,15
2.5,6,184.2,15
0.44,503,84,221.32
2.95,47,0.7,138.65
0.85,70,50.2,59.5
0.85,120,29.9,102
1.48,611,21.1,904.28
1.48,676,245.8,1000.48
2.55,35,233,89.25
1.25,12,238.9,15
2.95,10,35,29.5
1.25,46,148,57.5
3.75,13,23.9,48.75
0.85,7,339.1,5.95
2.55,31,93,79.05
2.55,56,47.1,142.8
2.41,1629,79.2,3925.89
2.55,51,11.8,130.05
2.55,52,22,132.6
3.81,603,3.1,2297.43
3.75,156,0.7,585
3.72,78,14.1,290.16
2.38,70,2,166.6
2.72,491,0.9,1335.52
1.27,1062,0.2,1348.74
1.32,98,7.7,129.36
1.02,25,3,25.5
1.45,477,0.1,691.65
1.34,426,0.1,570.84
0.85,481,280.9,408.85
1.95,12,17,23.4
1.9,47,14.1,89.3
0.69,140,241,96.6
0.75,150,241,112.5
0.85,46,323,39.1
0.64,398,215,254.72
0.66,1193,1.8,787.38
0.42,2697,0.9,1132.74
0.43,1636,3.8,703.48
1.65,16,152.1,26.4
1.65,15,159,24.75
1.58,31,133.9,48.98
1.65,1,13.9,1.65
1.65,1,178,1.65
2.95,293,4,864.35
0.87,272,10.9,236.64
0.85,212,37,180.2
7.95,2,292,15.9
4.02,59,206.1,237.18
3.2,73,173.1,233.6
0.2,12480,8.9,2496
1.3,191,3.8,248.3
1.25,76,283.1,95
1.25,1,259,1.25
1.28,269,28,344.32
4.35,13,234,56.55
1.95,57,142.2,111.15
3.77,335,3.8,1262.95
3.76,166,4.9,624.16
2.55,83,152,211.65
2.95,70,8.9,206.5
2.95,5,276.8,14.75
2.12,64,131.1,135.68
0.48,4475,0.2,2148
0.76,392,252.1,297.92
0.5,3285,0.2,1642.5
0.49,1662,0.9,814.38
0.51,469,200.2,239.19
0.48,1039,82.1,498.72
1.25,41,173.1,51.25
1.25,46,189.8,57.5
0.21,960,11.1,201.6
7.85,47,0.7,368.95
8.36,88,3.9,735.68
4.65,6,309.8,27.9
4.65,1,366,4.65
5.95,2,370.9,11.9
29.95,8,17.2,239.6
12.75,3,24.9,38.25
5.95,2,358.9,11.9
1.49,435,1.9,648.15
1.42,390,72.1,553.8
9.59,19,115.1,182.21
7.95,14,165.1,111.3
59.95,5,140.8,299.75
5.95,29,77,172.55
6.95,19,50,132.05
7.02,46,3,322.92
2.47,133,18.1,328.51
1.42,835,66.9,1185.7
1.32,697,99,920.04
1,639,92.1,639
2.13,94,2.2,200.22
2.57,95,2.2,244.15
1.49,62,3,92.38
2.16,255,18.9,550.8
5.95,85,17.9,505.75
3.95,24,234,94.8
0.65,63,14.9,40.95
0.86,135,3.8,116.1
2.83,183,3.8,517.89
2.95,9,326,26.55
2.12,135,261.1,286.2
11.95,6,3.1,71.7
0.99,187,220,185.13
3.75,20,201.1,75
2.95,49,151.9,144.55
5.73,66,24.1,378.18
4.25,21,148.1,89.25
3.98,3,219.1,11.94
0.75,242,192.2,181.5
0.43,6802,0,2924.86
1.25,12,220,15
4.28,6,201.1,25.68
2.95,16,12,47.2
9.55,66,0.9,630.3
8.87,29,0.9,257.23
4.85,53,2,257.05
5.95,20,166,119
9.95,14,5,139.3
9.95,15,2,149.25
7.81,19,8.8,148.39
2.95,16,240,47.2
3.95,41,123,161.95
1.24,41,77.9,50.84
1.02,2,131,2.04
0.39,22,112.7,8.58
0.39,11,112.7,4.29
1.95,60,226,117
1.25,1,253,1.25
1.25,108,23.8,135
0.42,32,226.1,13.44
0.42,32,226.1,13.44
3.75,3,161,11.25
3.75,28,11,105
1.95,-3,245.1,-5.85
1.11,60,234,66.6
1.68,18,241.1,30.24
1.24,358,77,443.92
0.65,15546,0.8,10104.9
1.45,43,210.7,62.35
1.24,573,196,710.52
3.36,131,35.7,440.16
2.95,3,368.9,8.85
3.64,181,141,658.84
4.66,746,0.9,3476.36
7.8,167,31.2,1302.6
7.95,2,311.9,15.9
12.75,14,6.9,178.5
12.43,69,127.1,857.67
2.55,2,71.9,5.1
2.55,7,262,17.85
0.95,160,282.8,152
1.91,336,188.9,641.76
1.55,124,103.1,192.2
1.22,111,89,135.42
2.1,46,16,96.6
2.1,22,247,46.2
1.69,2,354.9,3.38
1.69,4,283,6.76
1.69,15,266,25.35
2.68,70,3.1,187.6
2.23,99,1.9,220.77
2.08,30,3.1,62.4
2.08,38,1.9,79.04
1.06,137,1.9,145.22
1.38,296,3.1,408.48
2.1,38,201.1,79.8
2.1,18,287.1,37.8
9.12,144,2.9,1313.28
39.95,7,111.9,279.65
1.5,914,0.9,1371
1.36,1329,39.9,1807.44
2.28,807,0.2,1839.96
3.85,257,0.9,989.45
0.63,935,0.9,589.05
7.95,112,305,890.4
15.95,2,18.9,31.9
0.57,13642,2,7775.94
0.49,511,4,250.39
1.31,930,1,1218.3
1.31,930,1,1218.3
0.87,2595,0,2257.65
1.26,5722,0.9,7209.72
5.55,-1,242.1,-5.55
8.5,1,259,8.5
3.75,14,12,52.5
5.86,160,1.8,937.6
2.1,53,60,111.3
3.75,21,129.8,78.75
1.69,139,8.8,234.91
1.69,231,142,390.39
1.69,457,7.7,772.33
4.95,5,373.1,24.75
3.81,-1,239.1,-3.81
1.95,22,140.9,42.9
2.68,94,157,251.92
4.07,185,240.1,752.95
2.22,123,14.1,273.06
2.15,31,14.1,66.65
2.35,83,4,195.05
5.72,26,161,148.72
3.75,20,97.8,75
3.75,20,40,75
16.95,3,136,50.85
16.95,2,190.8,33.9
1.65,34,129.2,56.1
1.58,125,10,197.5
1.25,51,77,63.75
1.25,203,8.9,253.75
2.4,125,89,300
1.25,12,247,15
1.25,126,8.9,157.5
1.67,88,74.9,146.96
1.68,35314,0,59327.52
7.05,294,1.8,2072.7
6.35,10,145.1,63.5
3.75,34,8.8,127.5
4.03,285,3.9,1148.55
2.1,45,259.8,94.5
4.95,12,238.2,59.4
4.13,27,190.1,111.51
4.13,27,190.1,111.51
7.65,5,184,38.25
5.95,10,145,59.5
3.75,103,78,386.25
3.75,149,9.8,558.75
4.65,37,31.9,172.05
4.65,70,7,325.5
2.89,199,24.9,575.11
3.81,212,219.1,807.72
3.26,170,219.1,554.2
6.95,29,183.9,201.55
3.75,73,1,273.75
3.75,11,51,41.25
4.25,8,7,34
4.06,72,7,292.32
0.79,10,132.9,7.9
2.55,15,169.1,38.25
1.96,80,130.9,156.8
0.48,597,8,286.56
0.65,705,2.1,458.25
0.44,990,3,435.6
0.88,399,2.8,351.12
1.42,45,107.1,63.9
0.92,43,137,39.56
1.57,55,144.1,86.35
0.79,290,2.1,229.1
0.28,2225,15,623
2.55,84,9.2,214.2
2.55,131,9,334.05
2.14,506,34.8,1082.84
0.85,10177,0,8650.45
1.24,16138,0,20011.12
1.24,16138,0,20011.12
1.25,8241,0.2,10301.25
1.63,4402,0.9,7175.26
0.67,3351,2,2245.17
0.99,339,3.8,335.61
1.08,334,1,360.72
4.37,38,24.9,166.06
3.3,142,24.9,468.6
3,140,59.1,420
42.95,4,369,171.8
49.95,3,127,149.85
12.68,137,4.9,1737.16
12.75,2,247.1,25.5
12.75,90,16,1147.5
13.51,61,2,824.11
13.14,87,1.9,1143.18
12.69,78,26.1,989.82
4.4,293,4,1289.2
1.03,5688,0.2,5858.64
0.87,8445,3,7347.15
0.86,1678,0,1443.08
9.95,40,38,398
1.69,5,365.9,8.45
0.99,488,0.7,483.12
1.23,10805,0,13290.15
4.65,19,31.1,88.35
4.65,17,31.1,79.05
4.65,13,31.1,60.45
1.45,37,282.8,53.65
1.46,2913,3.9,4252.98
1.47,3941,3.9,5793.27
0.55,28,3.9,15.4
0.55,2,215,1.1
0.55,17539,0.9,9646.45
0.56,12940,0.9,7246.4
0.42,305,0,128.1
0.42,57,123,23.94
4.08,2512,1,10248.96
4.08,2512,1,10248.96
4.04,4001,0,16164.04
4.04,4001,0,16164.04
4.02,3688,0,14825.76
4.02,3688,0,14825.76
4.08,4893,0,19963.44
4.08,4893,0,19963.44
1.55,55,226,85.25
4.46,12,243,53.52
6.1,1127,3,6874.7
6.09,1844,0.9,11229.96
1.01,2130,1,2151.3
1.71,522,192.1,892.62
0.85,6,249.9,5.1
0.5,935,36.9,467.5
0.64,50,210.7,32
2.55,12,328.9,30.6
1.79,409,1,732.11
1.37,498,1,682.26
2.61,169,183.2,441.09
2.1,78,4,163.8
2.49,31,4,77.19
2.55,-1,333.9,-2.55
1.63,193,4,314.59
1.65,11,17,18.15
1.64,304,4,498.56
1.64,307,107,503.48
0.85,75,1,63.75
2.9,65,233.9,188.5
1.95,10,245.1,19.5
2.02,24,245.1,48.48
1.95,15,245.1,29.25
3.89,16,240,62.24
4.95,1,357.7,4.95
4.95,3,358,14.85
0.77,738,1,568.26
0.76,751,1,570.76
0.78,585,1,456.3
0.87,618,64,537.66
2.29,485,16.1,1110.65
2.07,884,1,1829.88
1.81,1052,2,1904.12
3.4,257,43.9,873.8
2.61,558,42.7,1456.38
2.18,1105,11.9,2408.9
3.49,210,23.1,732.9
2.14,354,21.9,757.56
2.3,549,16,1262.7
2.14,1018,0,2178.52
1.6,445,1.9,712
1.62,491,2,795.42
1.36,221,10.9,300.56
1.71,791,2,1352.61
1.65,131,242,216.15
4.95,-3,336.8,-14.85
4.89,37,37,180.93
6.15,0,315.9,0
7.77,1225,0.7,9518.25
1.29,2895,0,3734.55
1.25,54,316.9,67.5
1.25,1198,2,1497.5
1.25,539,71.9,673.75
1.29,2732,0,3524.28
1.25,374,74,467.5
1.27,1566,2,1988.82
1.19,448,3.8,533.12
2.13,1521,0,3239.73
2.78,547,10.9,1520.66
3.67,37,325.1,135.79
3.34,282,1,941.88
0.86,1979,0.9,1701.94
1.67,1376,1.9,2297.92
15.95,-3,249.2,-47.85
5.32,203,242.1,1079.96
12.75,-1,290,-12.75
12.62,1663,0.1,20987.06
18.55,7,329.9,129.85
7.95,-1,366,-7.95
0.77,824,3,634.48
0.64,1254,1.1,802.56
0.75,607,0.1,455.25
0.68,362,3,246.16
0.3,1746,38.9,523.8
0.85,17,359.1,14.45
0.85,45,162.9,38.25
2.99,39,72.9,116.61
2.27,186,8.8,422.22
2.95,14,21.9,41.3
2.3,27,292,62.1
0.59,451,35.8,266.09
0.29,502,5.1,145.58
2.36,66,3.8,155.76
3.75,20,3.8,75
3.75,-1,271.1,-3.75
2.01,45066,0.1,90582.66
2.01,12512,0,25149.12
2,16557,0.9,33114
6.29,54,143,339.66
3.08,193,3,594.44
2.46,530,11,1303.8
2.43,243,2.8,590.49
0.85,12,354.9,10.2
0.31,1407,0.7,436.17
1.63,585,7.7,953.55
1.64,392,1.9,642.88
1.64,457,2.9,749.48
1.28,664,56.1,849.92
1.14,129,321.8,147.06
2.89,34204,0.1,98849.56
2.89,34204,0.1,98849.56
2.55,76,32.9,193.8
2.55,84,47,214.2
4.8,129,12.1,619.2
6.75,-1,315.9,-6.75
4.95,75,0.9,371.25
1.39,101,3.8,140.39
1.55,77,29,119.35
1.49,166,3.8,247.34
1.65,77,199.9,127.05
0.96,816,1.9,783.36
0.94,479,1.9,450.26
1.12,552,1.9,618.24
1.18,456,39.9,538.08
0.89,142,3.8,126.38
1,73,24.9,73
1,115,3.9,115
2.84,453,199.1,1286.52
2.75,513,173,1410.75
2.32,1399,103,3245.68
7.95,15,14.9,119.25
7.95,46,22,365.7
7.95,77,0.8,612.15
7.95,51,3,405.45
7.95,2,360,15.9
7.95,35,1,278.25
5.53,114,176,630.42
3.88,222,220,861.36
3.88,222,220,861.36
5.21,38,224.9,197.98
3.62,43,246,155.66
2.51,3894,1,9773.94
2.1,8090,0.2,16989
2.06,411,4.9,846.66
2.15,584,8.2,1255.6
0.44,103,25.9,45.32
18.73,12,12,224.76
11.57,45,15.9,520.65
11.34,43,15.9,487.62
3.39,48,245.2,162.72
9.06,17,3.8,154.02
1.17,502,1,587.34
1.15,201,9,231.15
1.18,336,0.7,396.48
1.17,232,10,271.44
2.1,1,366.9,2.1
1.84,178,9.8,327.52
1.95,252,9.8,491.4
2.17,350,3.8,759.5
0.42,1248,4,524.16
2.17,429,0.1,930.93
5.02,495,0.7,2484.9
0.42,5119,7,2149.98
0.92,625,1,575
0.88,774,3.8,681.12
1.26,2082,3.8,2623.32
2.98,119,2.8,354.62
1.74,69,1,120.06
3.09,428,3.8,1322.52
3.35,196,2.8,656.6
1.33,655,3.9,871.15
1.4,977,4.9,1367.8
2.56,1523,3.9,3898.88
2.56,1523,3.9,3898.88
2.94,290,8.8,852.6
2.94,290,8.8,852.6
2.95,15,197.9,44.25
0.42,525,238.8,220.5
0.42,393,50.2,165.06
1.64,324,12,531.36
0.85,299,141,254.15
0.85,75,257.1,63.75
0.85,9,267.9,7.65
0.85,873,16.8,742.05
0.47,1134,5,532.98
2.1,11,267.9,23.1
2.1,33,132.8,69.3
0.82,86,204.9,70.52
0.65,912,0.9,592.8
0.44,2210,0.9,972.4
1.25,183,235,228.75
0.42,300,10,126
0.42,570,3.9,239.4
0.19,1875,1.9,356.25
2.55,116,235,295.8
1.64,916,268,1502.24
1.65,14,322.7,23.1
2.08,161,10.1,334.88
1.21,140,57.1,169.4
0.39,2452,2,956.28
0.53,820,131.1,434.6
1.65,103,120.9,169.95
0.65,163,120.9,105.95
0.65,55,21,35.75
2.1,3,260.8,6.3
1.08,6,2.2,6.48
0.87,1322,3,1150.14
0.26,840,7,218.4
0.28,1264,2.9,353.92
0.27,1101,88.9,297.27
0.28,338,29,94.64
0.27,984,7,265.68
0.89,787,1,700.43
0.86,563,66.1,484.18
4.92,71,185.9,349.32
4.86,13,301,63.18
4.92,172,1.8,846.24
5.95,11,30.8,65.45
5.95,3,179,17.85
5.95,6,59.1,35.7
4.25,2,179,8.5
4.25,4,106.1,17
4.25,2,49.9,8.5
4.25,5,60.9,21.25
3.75,10,214.9,37.5
3.75,2,58,7.5
3.75,8,58,30
3.75,14,32,52.5
3.75,4,58,15
8.95,7,86.1,62.65
8.95,7,243.1,62.65
8.95,10,49.9,89.5
2.95,1,14.9,2.95
2.95,7,93.9,20.65
2.95,8,59.1,23.6
2.95,12,26,35.4
3.75,8,28,30
3.75,11,10.1,41.25
7.85,16,30.8,125.6
7.85,16,30.8,125.6
8.2,10,44,82
8.2,10,44,82
7.62,4,11.9,30.48
7.62,4,11.9,30.48
7.44,14,44.1,104.16
8.5,9,11.9,76.5
4.25,16,31.9,68
4.25,8,44,34
4.25,5,58,21.25
4.95,18,21.8,89.1
4.95,2,60.9,9.9
4.95,4,11.9,19.8
11.95,1,226.1,11.95
3.75,4,1.8,15
4.25,8,11.9,34
8.5,2,58,17
8.5,2,291.9,17
8.5,1,243.1,8.5
8.5,2,291.9,17
3.75,2,60.9,7.5
3.75,1,49.9,3.75
8.5,2,179,17
8.5,2,252.8,17
8.5,3,30.1,25.5
8.5,3,21,25.5
2.95,4,354.1,11.8
2.95,4,354.1,11.8
8.5,2,71.2,17
8.5,3,179,25.5
1,72,11,72
1.33,112,2,148.96
1,74,14.1,74
1,48,14.1,48
5.73,19,44.1,108.87
2.55,2,214.9,5.1
10.75,4,239.9,43
10.75,2,209.9,21.5
7.95,6,125.9,47.7
7.95,4,129.8,31.8
7.95,6,43,47.7
7.95,11,179,87.45
7.95,7,49.9,55.65
7.95,4,261,31.8
2.55,6,309,15.3
3.75,6,93.9,22.5
3.75,6,277,22.5
3.75,6,277,22.5
3.75,6,210.9,22.5
3.75,6,210.9,22.5
3.75,1,303,3.75
3.75,14,129.8,52.5
3.5,6,277,21
3.5,4,280.1,14
3.5,7,5,24.5
3.5,2,198.1,7
2.55,3,239.9,7.65
7.46,4,53,29.84
4.95,3,154.9,14.85
4.95,3,154.9,14.85
8.29,5,16,41.45
6.95,4,24.8,27.8
6.95,6,60.9,41.7
2.55,1,60.9,2.55
2.55,1,300.9,2.55
1.35,1008,0.9,1360.8
0.38,288,2.9,109.44
0.38,576,2.9,218.88
1.65,0,58,0
1.65,3,32,4.95
1.65,2,32,3.3
1.65,0,58,0
1.65,4,32,6.6
1.65,3,32,4.95
5.95,1,359,5.95
5.95,3,359,17.85
12.75,19,242.9,242.25
8.5,11,36.1,93.5
8.5,8,36.1,68
3.75,7,212,26.25
3.75,10,60.9,37.5
6.75,8,166,54
6.75,1,29.9,6.75
2.95,10,24.1,29.5
7.5,2,36.1,15
5.95,5,30.8,29.75
1.25,1,60.9,1.25
3.75,10,77,37.5
4.95,13,1.8,64.35
8.95,2,71.2,17.9
2.55,5,205.9,12.75
7.5,2,360.9,15
4.95,5,60.9,24.75
4.95,15,1.8,74.25
4.95,11,1.8,54.45
6.35,21,1.8,133.35
6.35,27,1.8,171.45
6.35,8,11.9,50.8
1.27,19,3,24.13
0.85,1,278,0.85
0.85,24,6.9,20.4
1.29,85,0.8,109.65
1.17,90,0.8,105.3
0.19,25,0.9,4.75
0.89,47,2.8,41.83
2.55,13,3.8,33.15
2.55,8,25.9,20.4
2.55,22,14.1,56.1
2.55,20,3,51
2.55,1,288,2.55
2.55,9,28.8,22.95
0.85,10,185,8.5
2.55,8,16.1,20.4
0.85,1,352.9,0.85
1.05,54,58,56.7
2.55,66,3.8,168.3
1.69,16,6.9,27.04
2.55,0,58,0
2.48,60,3.8,148.8
4.25,20,21.9,85
4.25,31,21.9,131.75
4.25,2,303,8.5
4.95,8,212,39.6
4.95,1,303,4.95
4.95,17,61.1,84.15
5.95,14,129.8,83.3
5.95,8,129.8,47.6
5.95,13,129.8,77.35
5.95,3,242.9,17.85
9.95,6,40,59.7
9.95,4,198.1,39.8
9.95,7,46.9,69.65
1.06,109,197,115.54
1.68,19,6.9,31.92
1.27,73,197,92.71
1.35,74,197,99.9
2.1,1,197,2.1
1.25,1,370.9,1.25
2.95,7,166,20.65
2.95,21,2,61.95
2.95,17,2,50.15
2.95,8,50.9,23.6
2.95,6,65.1,17.7
2.95,16,2,47.2
2.95,1,14.9,2.95
2.95,9,10.1,26.55
6.95,4,261,27.8
4.95,9,21.9,44.55
4.95,6,227,29.7
9.95,3,227,29.85
4.95,4,227,19.8
4.95,4,144.1,19.8
4.95,6,144.1,29.7
4.95,4,144.1,19.8
4.95,3,144.1,14.85
4.95,3,144.1,14.85
4.95,9,46.9,44.55
7.5,17,73.9,127.5
3.75,7,189.8,26.25
5.95,21,10.1,124.95
6.25,13,44.1,81.25
9.95,19,11.9,189.05
12.75,6,73.9,76.5
7.12,52,70,370.24
8.5,8,11.9,68
5.95,3,70.1,17.85
5.95,1,370.9,5.95
5.95,1,297.9,5.95
8.61,57,21,490.77
7.5,6,15.9,45
4.95,3,96,14.85
4.95,7,21.9,34.65
4.95,14,21.9,69.3
4.95,3,29.9,14.85
6.95,24,57.1,166.8
6.95,21,29.9,145.95
6.95,41,21.9,284.95
6.95,32,21.9,222.4
4.95,9,1.8,44.55
4.95,45,1.8,222.75
4.95,45,1.8,222.75
4.95,31,1.8,153.45
2.95,6,32,17.7
2.95,26,30.1,76.7
2.95,14,39.9,41.3
2.95,10,39.9,29.5
7.5,4,30.8,30
7.5,2,227,15
4.72,19,6.9,89.68
2.74,28,8.9,76.72
2.55,1,350.9,2.55
4.19,14,24.9,58.66
0.85,10,369.1,8.5
2.95,0,58,0
2.55,0,58,0
1.65,34,32,56.1
3.75,16,204.1,60
2.55,4,58,10.2
8.95,9,187.1,80.55
8.95,9,21.8,80.55
8.95,3,242.9,26.85
7.5,1,30.9,7.5
7.5,2,36.1,15
7.5,2,109,15
7.5,6,30.9,45
7.5,3,60.9,22.5
2.95,0,58,0
2.95,7,179,20.65
2.95,7,58,20.65
2.95,11,58,32.45
2.95,0,58,0
11.95,6,49.9,71.7
11.95,1,356.8,11.95
5.95,3,36.1,17.85
5.95,1,368,5.95
8.55,13,46.9,111.15
9.95,3,5,29.85
8.95,1,36.1,8.95
2.95,0,58,0
2.95,14,1.8,41.3
2.95,1,280.1,2.95
8.95,8,28.9,71.6
8.95,21,6.9,187.95
8.95,11,28.9,98.45
4.25,16,58,68
4.25,4,58,17
4.25,5,58,21.25
4.25,32,226.1,136
2.95,5,125.9,14.75
2.95,12,10.1,35.4
3.35,4,179,13.4
2.55,3,21,7.65
7.5,2,21,15
2.95,6,179,17.7
2.95,6,179,17.7
2.95,5,10.1,14.75
8.55,22,36.1,188.1
4.95,21,1.8,103.95
4.25,12,50.9,51
6.38,16,3.1,102.08
6.95,3,29.9,20.85
12.75,8,10.1,102
12.75,4,29.9,51
4.95,3,318.2,14.85
4.25,34,21.9,144.5
4.25,30,5,127.5
6.35,8,36.1,50.8
6.35,2,36.1,12.7
6.35,15,30.8,95.25
6.35,2,60.9,12.7
4.25,41,1.8,174.25
4.25,66,1.8,280.5
4.25,20,303,85
4.23,99,1.8,418.77
4.22,76,1.8,320.72
2.95,43,49.9,126.85
2.95,57,5,168.15
2.95,46,59.1,135.7
2.95,46,64.9,135.7
2.95,0,58,0
2.95,1,58,2.95
2.95,1,58,2.95
2.95,6,58,17.7
3.35,13,29.9,43.55
1.65,16,36.9,26.4
1.65,6,77,9.9
4.95,6,11.9,29.7
4.95,13,10.1,64.35
2.55,4,32,10.2
2.03,78,35,158.34
2.05,105,68.1,215.25
2.02,228,58,460.56
1.82,26,329.9,47.32
2.02,40,0.9,80.8
1.49,94,0.9,140.06
1.15,104,29,119.6
5.95,5,15.9,29.75
5.95,2,36.1,11.9
3.75,3,366.1,11.25
3.75,6,93.9,22.5
1.11,63,1,69.93
0.77,13,3.9,10.01
0.82,52,0.7,42.64
0.98,39,1,38.22
0.89,41,1,36.49
0.29,13,1.9,3.77
0.84,34,1.9,28.56
0.93,22,1.8,20.46
0.61,25,1,15.25
1.06,23,3.9,24.38
1.01,47,0.9,47.47
0.87,51,1,44.37
1.06,27,3.9,28.62
0.87,18,0.9,15.66
0.29,12,3.9,3.48
0.77,28,1,21.56
0.77,15,0.9,11.55
0.77,40,1,30.8
0.29,12,3.9,3.48
0.29,12,3.9,3.48
0.93,14,3.9,13.02
0.29,12,3.9,3.48
0.61,61,2.8,37.21
0.29,12,3.9,3.48
13.75,12,2,165
50.13,133,4.1,6667.29
495.84,-16,3.8,-7933.44
72.48,-1194,8.2,-86541.12
744.15,16,3.8,11906.4
334.43,3184,0.1,1064825.12
0,4,75,0
37.89,3002,0,113745.78
